state,district,month,total_enrollments,year,month_num,lag_1,diff_1,diff_2,rolling_3,trend_diff
Telangana,Adilabad,2025-11-01,692,2025,11,338.0,-299.0,-639.0,424.0,-299.0
Andhra Pradesh,Adilabad,2025-12-01,106,2025,12,692.0,354.0,653.0,555.6666666666666,354.0
Telangana,Adilabad,2025-12-01,398,2025,12,106.0,-586.0,-940.0,378.6666666666667,-586.0
Uttar Pradesh,Agra,2025-07-01,4569,2025,7,3789.0,1212.0,72.0,2601.0,1212.0
Uttar Pradesh,Agra,2025-09-01,5764,2025,9,4569.0,780.0,-432.0,3645.0,780.0
Uttar Pradesh,Agra,2025-10-01,2682,2025,10,5764.0,1195.0,415.0,4707.333333333333,1195.0
Uttar Pradesh,Agra,2025-11-01,4397,2025,11,2682.0,-3082.0,-4277.0,4338.333333333333,-3082.0
Uttar Pradesh,Agra,2025-12-01,3224,2025,12,4397.0,1715.0,4797.0,4281.0,1715.0
Maharashtra,Ahmadnagar,2025-11-01,2201,2025,11,1695.0,-1847.0,-5021.0,1868.3333333333333,-1847.0
Maharashtra,Ahmadnagar,2025-12-01,4450,2025,12,2201.0,506.0,2353.0,2479.3333333333335,506.0
Gujarat,Ahmedabad,2025-09-01,6397,2025,9,5306.0,4081.0,4056.0,2577.0,4081.0
Gujarat,Ahmedabad,2025-10-01,2413,2025,10,6397.0,1091.0,-2990.0,4309.333333333333,1091.0
Gujarat,Ahmedabad,2025-11-01,5404,2025,11,2413.0,-3984.0,-5075.0,4705.333333333333,-3984.0
Gujarat,Ahmedabad,2025-12-01,3079,2025,12,5404.0,2991.0,6975.0,4738.0,2991.0
Rajasthan,Ajmer,2025-11-01,2489,2025,11,1474.0,-2648.0,-5838.0,2176.0,-2648.0
Rajasthan,Ajmer,2025-12-01,1639,2025,12,2489.0,1015.0,3663.0,2695.0,1015.0
Maharashtra,Akola,2025-12-01,735,2025,12,1047.0,306.0,1067.0,1096.6666666666667,306.0
West Bengal,Alipurduar,2025-09-01,377,2025,9,1631.0,998.0,562.0,820.3333333333334,998.0
West Bengal,Alipurduar,2025-10-01,181,2025,10,377.0,-1254.0,-2252.0,880.3333333333334,-1254.0
West Bengal,Alipurduar,2025-11-01,227,2025,11,181.0,-196.0,1058.0,729.6666666666666,-196.0
West Bengal,Alipurduar,2025-12-01,283,2025,12,227.0,46.0,242.0,261.6666666666667,46.0
Madhya Pradesh,Alirajpur,2025-09-01,1225,2025,9,1475.0,429.0,-484.0,884.6666666666666,429.0
Madhya Pradesh,Alirajpur,2025-10-01,729,2025,10,1225.0,-250.0,-679.0,1248.6666666666667,-250.0
Madhya Pradesh,Alirajpur,2025-11-01,1066,2025,11,729.0,-496.0,-246.0,1143.0,-496.0
Madhya Pradesh,Alirajpur,2025-12-01,984,2025,12,1066.0,337.0,833.0,1006.6666666666666,337.0
Rajasthan,Alwar,2025-09-01,7587,2025,9,2757.0,1834.0,1710.0,1493.0,1834.0
Rajasthan,Alwar,2025-10-01,3095,2025,10,7587.0,4830.0,2996.0,3755.6666666666665,4830.0
Rajasthan,Alwar,2025-11-01,4077,2025,11,3095.0,-4492.0,-9322.0,4479.666666666667,-4492.0
Rajasthan,Alwar,2025-12-01,2661,2025,12,4077.0,982.0,5474.0,4919.666666666667,982.0
Haryana,Ambala,2025-12-01,534,2025,12,925.0,290.0,395.0,766.6666666666666,290.0
Uttar Pradesh,Ambedkar Nagar,2025-12-01,1063,2025,12,1785.0,276.0,1945.0,2157.3333333333335,276.0
Maharashtra,Amravati,2025-11-01,1247,2025,11,1047.0,-1244.0,-2851.0,1340.6666666666667,-1244.0
Maharashtra,Amravati,2025-12-01,1179,2025,12,1247.0,200.0,1444.0,1528.3333333333333,200.0
Gujarat,Amreli,2025-11-01,877,2025,11,339.0,-815.0,-1200.0,754.0,-815.0
Gujarat,Amreli,2025-12-01,796,2025,12,877.0,538.0,1353.0,790.0,538.0
Punjab,Amritsar,2025-09-01,2220,2025,9,1717.0,743.0,991.0,1304.3333333333333,743.0
Punjab,Amritsar,2025-10-01,1002,2025,10,2220.0,503.0,-240.0,1637.0,503.0
Punjab,Amritsar,2025-11-01,1572,2025,11,1002.0,-1218.0,-1721.0,1646.3333333333333,-1218.0
Punjab,Amritsar,2025-12-01,788,2025,12,1572.0,570.0,1788.0,1598.0,570.0
Uttar Pradesh,Amroha,2025-11-01,1880,2025,11,1272.0,-919.0,-2531.0,1347.3333333333333,-919.0
Uttar Pradesh,Amroha,2025-12-01,1508,2025,12,1880.0,608.0,1527.0,1781.0,608.0
Gujarat,Anand,2025-09-01,1823,2025,9,1109.0,880.0,794.0,493.6666666666667,880.0
Gujarat,Anand,2025-10-01,668,2025,10,1823.0,714.0,-166.0,1053.6666666666667,714.0
Gujarat,Anand,2025-11-01,1434,2025,11,668.0,-1155.0,-1869.0,1200.0,-1155.0
Gujarat,Anand,2025-12-01,1100,2025,12,1434.0,766.0,1921.0,1308.3333333333333,766.0
Bihar,Araria,2025-11-01,2495,2025,11,3964.0,-221.0,-4118.0,2812.3333333333335,-221.0
Bihar,Araria,2025-12-01,2519,2025,12,2495.0,-1469.0,-1248.0,3548.0,-1469.0
Gujarat,Arvalli,2025-11-01,350,2025,11,165.0,-427.0,-418.0,452.6666666666667,-427.0
Gujarat,Arvalli,2025-12-01,387,2025,12,350.0,185.0,612.0,369.0,185.0
Bihar,Arwal,2025-11-01,687,2025,11,710.0,-371.0,-947.0,765.3333333333334,-371.0
Bihar,Arwal,2025-12-01,557,2025,12,687.0,-23.0,348.0,826.0,-23.0
Madhya Pradesh,Ashok Nagar,2025-09-01,2148,2025,9,2143.0,1275.0,627.0,1077.0,1275.0
Madhya Pradesh,Ashok Nagar,2025-10-01,432,2025,10,2148.0,5.0,-1270.0,1719.6666666666667,5.0
Madhya Pradesh,Ashok Nagar,2025-11-01,1018,2025,11,432.0,-1716.0,-1721.0,1574.3333333333333,-1716.0
Madhya Pradesh,Ashok Nagar,2025-12-01,801,2025,12,1018.0,586.0,2302.0,1199.3333333333333,586.0
Bihar,Aurangabad,2025-10-01,2179,2025,10,4978.0,1143.0,-1901.0,3201.3333333333335,1143.0
Maharashtra,Aurangabad,2025-10-01,2082,2025,10,2179.0,-2799.0,-3942.0,3664.0,-2799.0
Bihar,Aurangabad,2025-11-01,2687,2025,11,2082.0,-97.0,2702.0,3079.6666666666665,-97.0
Maharashtra,Aurangabad,2025-11-01,3037,2025,11,2687.0,605.0,702.0,2316.0,605.0
Bihar,Aurangabad,2025-12-01,1891,2025,12,3037.0,350.0,-255.0,2602.0,350.0
Maharashtra,Aurangabad,2025-12-01,2081,2025,12,1891.0,-1146.0,-1496.0,2538.3333333333335,-1146.0
Uttar Pradesh,Ayodhya,2025-11-01,260,2025,11,188.0,-221.0,-27.0,400.0,-221.0
Uttar Pradesh,Ayodhya,2025-12-01,138,2025,12,260.0,72.0,293.0,285.6666666666667,72.0
Uttar Pradesh,Azamgarh,2025-10-01,3420,2025,10,6028.0,2461.0,-654.0,3349.0,2461.0
Uttar Pradesh,Azamgarh,2025-11-01,3829,2025,11,3420.0,-2608.0,-5069.0,4338.333333333333,-2608.0
Uttar Pradesh,Azamgarh,2025-12-01,2326,2025,12,3829.0,409.0,3017.0,4425.666666666667,409.0
Uttarakhand,Bageshwar,2025-11-01,228,2025,11,237.0,92.0,220.0,218.33333333333334,92.0
Odisha,Bageshwar,2025-12-01,168,2025,12,228.0,-9.0,-101.0,203.33333333333334,-9.0
Uttarakhand,Bageshwar,2025-12-01,109,2025,12,168.0,-60.0,-51.0,211.0,-60.0
Uttar Pradesh,Baghpat,2025-10-01,1057,2025,10,2314.0,1901.0,1732.0,990.3333333333334,1901.0
Uttar Pradesh,Baghpat,2025-11-01,1308,2025,11,1057.0,-1257.0,-3158.0,1261.3333333333333,-1257.0
Uttar Pradesh,Baghpat,2025-12-01,853,2025,12,1308.0,251.0,1508.0,1559.6666666666667,251.0
Uttar Pradesh,Bahraich,2025-07-01,10547,2025,7,4069.0,500.0,744.0,3817.0,500.0
Uttar Pradesh,Bahraich,2025-09-01,7372,2025,9,10547.0,6478.0,5978.0,6061.666666666667,6478.0
Uttar Pradesh,Bahraich,2025-10-01,3804,2025,10,7372.0,-3175.0,-9653.0,7329.333333333333,-3175.0
Uttar Pradesh,Bahraich,2025-11-01,3146,2025,11,3804.0,-3568.0,-393.0,7241.0,-3568.0
Uttar Pradesh,Bahraich,2025-12-01,2206,2025,12,3146.0,-658.0,2910.0,4774.0,-658.0
Assam,Baksa,2025-07-01,220,2025,7,52.0,-30.0,966.0,404.0,-30.0
Assam,Baksa,2025-09-01,709,2025,9,220.0,168.0,198.0,118.0,168.0
Assam,Baksa,2025-10-01,567,2025,10,709.0,489.0,321.0,327.0,489.0
Assam,Baksa,2025-11-01,453,2025,11,567.0,-142.0,-631.0,498.6666666666667,-142.0
Assam,Baksa,2025-12-01,385,2025,12,453.0,-114.0,28.0,576.3333333333334,-114.0
Madhya Pradesh,Balaghat,2025-12-01,1320,2025,12,1831.0,761.0,1798.0,1669.3333333333333,761.0
Chhattisgarh,Baloda Bazar,2025-12-01,773,2025,12,1171.0,363.0,964.0,1129.3333333333333,363.0
Uttar Pradesh,Balrampur,2025-09-01,2460,2025,9,1679.0,-701.0,-2418.0,1574.0,-701.0
Chhattisgarh,Balrampur,2025-10-01,727,2025,10,2460.0,781.0,1482.0,2173.0,781.0
Uttar Pradesh,Balrampur,2025-10-01,1785,2025,10,727.0,-1733.0,-2514.0,1622.0,-1733.0
Chhattisgarh,Balrampur,2025-11-01,975,2025,11,1785.0,1058.0,2791.0,1657.3333333333333,1058.0
Uttar Pradesh,Balrampur,2025-11-01,2099,2025,11,975.0,-810.0,-1868.0,1162.3333333333333,-810.0
Chhattisgarh,Balrampur,2025-12-01,647,2025,12,2099.0,1124.0,1934.0,1619.6666666666667,1124.0
Uttar Pradesh,Balrampur,2025-12-01,1655,2025,12,647.0,-1452.0,-2576.0,1240.3333333333333,-1452.0
Gujarat,Banaskantha,2025-07-01,9228,2025,7,3290.0,1242.0,3238.0,3127.3333333333335,1242.0
Gujarat,Banaskantha,2025-09-01,4850,2025,9,9228.0,5938.0,4696.0,4855.333333333333,5938.0
Gujarat,Banaskantha,2025-10-01,1235,2025,10,4850.0,-4378.0,-10316.0,5789.333333333333,-4378.0
Gujarat,Banaskantha,2025-11-01,2517,2025,11,1235.0,-3615.0,763.0,5104.333333333333,-3615.0
Gujarat,Banaskantha,2025-12-01,2474,2025,12,2517.0,1282.0,4897.0,2867.3333333333335,1282.0
Uttar Pradesh,Banda,2025-07-01,1165,2025,7,787.0,-817.0,-1580.0,1077.3333333333333,-817.0
Uttar Pradesh,Banda,2025-09-01,2461,2025,9,1165.0,378.0,1195.0,1185.3333333333333,378.0
Uttar Pradesh,Banda,2025-10-01,1111,2025,10,2461.0,1296.0,918.0,1471.0,1296.0
Uttar Pradesh,Banda,2025-11-01,1481,2025,11,1111.0,-1350.0,-2646.0,1579.0,-1350.0
Uttar Pradesh,Banda,2025-12-01,942,2025,12,1481.0,370.0,1720.0,1684.3333333333333,370.0
Karnataka,Bangalore Rural,2025-12-01,623,2025,12,603.0,121.0,296.0,580.6666666666666,121.0
Bihar,Banka,2025-11-01,2350,2025,11,2122.0,-674.0,-3042.0,1782.0,-674.0
Bihar,Banka,2025-12-01,2022,2025,12,2350.0,228.0,902.0,2422.6666666666665,228.0
Uttar Pradesh,Bara Banki,2025-11-01,2230,2025,11,1547.0,-2334.0,-4431.0,2404.0,-2334.0
Uttar Pradesh,Bara Banki,2025-12-01,1600,2025,12,2230.0,683.0,3017.0,2552.6666666666665,683.0
Jammu and Kashmir,Baramula,2025-12-01,1085,2025,12,890.0,305.0,670.0,808.3333333333334,305.0
Rajasthan,Baran,2025-11-01,1346,2025,11,594.0,-1641.0,-3439.0,1088.6666666666667,-1641.0
Rajasthan,Baran,2025-12-01,1074,2025,12,1346.0,752.0,2393.0,1391.6666666666667,752.0
Uttar Pradesh,Bareilly,2025-09-01,5358,2025,9,3072.0,557.0,-29.0,2505.3333333333335,557.0
Uttar Pradesh,Bareilly,2025-10-01,3065,2025,10,5358.0,2286.0,1729.0,3648.3333333333335,2286.0
Uttar Pradesh,Bareilly,2025-11-01,4485,2025,11,3065.0,-2293.0,-4579.0,3831.6666666666665,-2293.0
Uttar Pradesh,Bareilly,2025-12-01,2669,2025,12,4485.0,1420.0,3713.0,4302.666666666667,1420.0
Rajasthan,Barmer,2025-12-01,2396,2025,12,3360.0,1318.0,5943.0,4023.0,1318.0
Assam,Barpeta,2025-07-01,4389,2025,7,1179.0,996.0,1028.0,525.6666666666666,996.0
Assam,Barpeta,2025-09-01,3702,2025,9,4389.0,3210.0,2214.0,1917.0,3210.0
Assam,Barpeta,2025-10-01,1584,2025,10,3702.0,-687.0,-3897.0,3090.0,-687.0
Assam,Barpeta,2025-11-01,1670,2025,11,1584.0,-2118.0,-1431.0,3225.0,-2118.0
Assam,Barpeta,2025-12-01,1043,2025,12,1670.0,86.0,2204.0,2318.6666666666665,86.0
Madhya Pradesh,Barwani,2025-09-01,3648,2025,9,7219.0,4986.0,5927.0,4208.666666666667,4986.0
Madhya Pradesh,Barwani,2025-10-01,1234,2025,10,3648.0,-3571.0,-8557.0,4366.666666666667,-3571.0
Madhya Pradesh,Barwani,2025-11-01,1784,2025,11,1234.0,-2414.0,1157.0,4033.6666666666665,-2414.0
Madhya Pradesh,Barwani,2025-12-01,1701,2025,12,1784.0,550.0,2964.0,2222.0,550.0
Uttar Pradesh,Basti,2025-12-01,1691,2025,12,2552.0,433.0,1574.0,2643.6666666666665,433.0
Maharashtra,Beed,2025-09-01,2311,2025,9,2283.0,1284.0,729.0,1242.0,1284.0
Maharashtra,Beed,2025-10-01,1089,2025,10,2311.0,28.0,-1256.0,1864.3333333333333,28.0
Maharashtra,Beed,2025-11-01,1561,2025,11,1089.0,-1222.0,-1250.0,1894.3333333333333,-1222.0
Maharashtra,Beed,2025-12-01,970,2025,12,1561.0,472.0,1694.0,1653.6666666666667,472.0
Bihar,Begusarai,2025-12-01,2894,2025,12,2759.0,412.0,1928.0,2989.6666666666665,412.0
Karnataka,Bengaluru,2025-11-01,5184,2025,11,3613.0,-1504.0,-1370.0,4660.333333333333,-1504.0
Karnataka,Bengaluru,2025-12-01,3645,2025,12,5184.0,1571.0,3075.0,4638.0,1571.0
Karnataka,Bengaluru Urban,2025-10-01,1,2025,10,1.0,-13872.0,-16488.0,8377.0,-13872.0
Madhya Pradesh,Betul,2025-11-01,2039,2025,11,1142.0,-1104.0,-2382.0,1452.0,-1104.0
Madhya Pradesh,Betul,2025-12-01,1464,2025,12,2039.0,897.0,2001.0,1809.0,897.0
Telangana,Bhadradri Kothagudem,2025-12-01,313,2025,12,602.0,-97.0,82.0,726.3333333333334,-97.0
Bihar,Bhagalpur,2025-07-01,557,2025,7,3850.0,902.0,-808.0,2678.6666666666665,902.0
Bihar,Bhagalpur,2025-09-01,3942,2025,9,557.0,-3293.0,-4195.0,2451.6666666666665,-3293.0
Bihar,Bhagalpur,2025-10-01,2339,2025,10,3942.0,3385.0,6678.0,2783.0,3385.0
Bihar,Bhagalpur,2025-11-01,3367,2025,11,2339.0,-1603.0,-4988.0,2279.3333333333335,-1603.0
Bihar,Bhagalpur,2025-12-01,2284,2025,12,3367.0,1028.0,2631.0,3216.0,1028.0
Rajasthan,Bharatpur,2025-11-01,3555,2025,11,2274.0,-4264.0,-8804.0,3603.3333333333335,-4264.0
Rajasthan,Bharatpur,2025-12-01,2111,2025,12,3555.0,1281.0,5545.0,4122.333333333333,1281.0
Gujarat,Bharuch,2025-11-01,980,2025,11,476.0,-831.0,-1743.0,726.0,-831.0
Gujarat,Bharuch,2025-12-01,853,2025,12,980.0,504.0,1335.0,921.0,504.0
Gujarat,Bhavnagar,2025-10-01,822,2025,10,2835.0,691.0,-1214.0,1739.3333333333333,691.0
Gujarat,Bhavnagar,2025-11-01,2065,2025,11,822.0,-2013.0,-2704.0,1933.6666666666667,-2013.0
Gujarat,Bhavnagar,2025-12-01,1264,2025,12,2065.0,1243.0,3256.0,1907.3333333333333,1243.0
Rajasthan,Bhilwara,2025-11-01,2375,2025,11,1330.0,-2904.0,-6307.0,2131.6666666666665,-2904.0
Rajasthan,Bhilwara,2025-12-01,1500,2025,12,2375.0,1045.0,3949.0,2646.3333333333335,1045.0
Madhya Pradesh,Bhind,2025-07-01,4055,2025,7,885.0,-71.0,24.0,964.0,-71.0
Madhya Pradesh,Bhind,2025-09-01,2491,2025,9,4055.0,3170.0,3241.0,1965.3333333333333,3170.0
Madhya Pradesh,Bhind,2025-10-01,937,2025,10,2491.0,-1564.0,-4734.0,2477.0,-1564.0
Madhya Pradesh,Bhind,2025-11-01,2020,2025,11,937.0,-1554.0,10.0,2494.3333333333335,-1554.0
Madhya Pradesh,Bhind,2025-12-01,1373,2025,12,2020.0,1083.0,2637.0,1816.0,1083.0
Bihar,Bhojpur,2025-12-01,2638,2025,12,3143.0,271.0,902.0,3172.6666666666665,271.0
Madhya Pradesh,Bhopal,2025-10-01,1731,2025,10,3577.0,2444.0,2144.0,1847.6666666666667,2444.0
Madhya Pradesh,Bhopal,2025-11-01,2887,2025,11,1731.0,-1846.0,-4290.0,2147.0,-1846.0
Madhya Pradesh,Bhopal,2025-12-01,2103,2025,12,2887.0,1156.0,3002.0,2731.6666666666665,1156.0
Karnataka,Bidar,2025-12-01,876,2025,12,1219.0,276.0,943.0,1257.3333333333333,276.0
Chhattisgarh,Bijapur,2025-07-01,1391,2025,7,632.0,22.0,70.0,633.3333333333334,22.0
Chhattisgarh,Bijapur,2025-09-01,810,2025,9,1391.0,759.0,737.0,877.6666666666666,759.0
Chhattisgarh,Bijapur,2025-10-01,492,2025,10,810.0,-581.0,-1340.0,944.3333333333334,-581.0
Karnataka,Bijapur,2025-10-01,753,2025,10,492.0,-318.0,263.0,897.6666666666666,-318.0
Chhattisgarh,Bijapur,2025-11-01,803,2025,11,753.0,261.0,579.0,685.0,261.0
Karnataka,Bijapur,2025-11-01,797,2025,11,803.0,50.0,-211.0,682.6666666666666,50.0
Chhattisgarh,Bijapur,2025-12-01,1060,2025,12,797.0,-6.0,-56.0,784.3333333333334,-6.0
Karnataka,Bijapur,2025-12-01,777,2025,12,1060.0,263.0,269.0,886.6666666666666,263.0
Uttar Pradesh,Bijnor,2025-12-01,2350,2025,12,4293.0,779.0,1731.0,4091.0,779.0
Rajasthan,Bikaner,2025-09-01,4083,2025,9,1245.0,-48.0,-736.0,1047.6666666666667,-48.0
Rajasthan,Bikaner,2025-10-01,1381,2025,10,4083.0,2838.0,2886.0,2207.0,2838.0
Rajasthan,Bikaner,2025-11-01,1980,2025,11,1381.0,-2702.0,-5540.0,2236.3333333333335,-2702.0
Rajasthan,Bikaner,2025-12-01,1622,2025,12,1980.0,599.0,3301.0,2481.3333333333335,599.0
Chhattisgarh,Bilaspur,2025-11-01,1831,2025,11,226.0,-1429.0,-506.0,1486.3333333333333,-1429.0
Himachal Pradesh,Bilaspur,2025-11-01,273,2025,11,1831.0,1605.0,3034.0,1237.3333333333333,1605.0
Chhattisgarh,Bilaspur,2025-12-01,1168,2025,12,273.0,-1558.0,-3163.0,776.6666666666666,-1558.0
Himachal Pradesh,Bilaspur,2025-12-01,196,2025,12,1168.0,895.0,2453.0,1090.6666666666667,895.0
West Bengal,Birbhum,2025-10-01,3176,2025,10,4515.0,3746.0,3198.0,1835.0,3746.0
West Bengal,Birbhum,2025-11-01,3885,2025,11,3176.0,-1339.0,-5085.0,2820.0,-1339.0
West Bengal,Birbhum,2025-12-01,2380,2025,12,3885.0,709.0,2048.0,3858.6666666666665,709.0
Manipur,Bishnupur,2025-12-01,117,2025,12,261.0,39.0,139.0,268.3333333333333,39.0
Assam,Biswanath,2025-12-01,178,2025,12,307.0,107.0,244.0,281.3333333333333,107.0
Assam,Bongaigaon,2025-07-01,303,2025,7,61.0,-105.0,98.0,198.66666666666666,-105.0
Assam,Bongaigaon,2025-09-01,901,2025,9,303.0,242.0,347.0,176.66666666666666,242.0
Assam,Bongaigaon,2025-10-01,404,2025,10,901.0,598.0,356.0,421.6666666666667,598.0
Assam,Bongaigaon,2025-11-01,455,2025,11,404.0,-497.0,-1095.0,536.0,-497.0
Assam,Bongaigaon,2025-12-01,355,2025,12,455.0,51.0,548.0,586.6666666666666,51.0
Gujarat,Botad,2025-10-01,98,2025,10,456.0,-634.0,-1360.0,636.6666666666666,-634.0
Gujarat,Botad,2025-11-01,368,2025,11,98.0,-358.0,276.0,548.0,-358.0
Gujarat,Botad,2025-12-01,202,2025,12,368.0,270.0,628.0,307.3333333333333,270.0
Uttar Pradesh,Budaun,2025-09-01,4375,2025,9,3326.0,2751.0,2637.0,1454.0,2751.0
Uttar Pradesh,Budaun,2025-10-01,1547,2025,10,4375.0,1049.0,-1702.0,2758.6666666666665,1049.0
Uttar Pradesh,Budaun,2025-11-01,2574,2025,11,1547.0,-2828.0,-3877.0,3082.6666666666665,-2828.0
Uttar Pradesh,Budaun,2025-12-01,1654,2025,12,2574.0,1027.0,3855.0,2832.0,1027.0
Uttar Pradesh,Bulandshahr,2025-09-01,5150,2025,9,1364.0,887.0,1598.0,1009.6666666666666,887.0
Uttar Pradesh,Bulandshahr,2025-10-01,2458,2025,10,5150.0,3786.0,2899.0,2330.3333333333335,3786.0
Uttar Pradesh,Bulandshahr,2025-11-01,3631,2025,11,2458.0,-2692.0,-6478.0,2990.6666666666665,-2692.0
Uttar Pradesh,Bulandshahr,2025-12-01,2528,2025,12,3631.0,1173.0,3865.0,3746.3333333333335,1173.0
Maharashtra,Buldhana,2025-11-01,1229,2025,11,1115.0,-1574.0,-2801.0,1755.3333333333333,-1574.0
Maharashtra,Buldhana,2025-12-01,1180,2025,12,1229.0,114.0,1688.0,1677.6666666666667,114.0
Rajasthan,Bundi,2025-11-01,1043,2025,11,550.0,-1124.0,-2575.0,815.6666666666666,-1124.0
Rajasthan,Bundi,2025-12-01,845,2025,12,1043.0,493.0,1617.0,1089.0,493.0
Madhya Pradesh,Burhanpur,2025-09-01,1119,2025,9,2976.0,1199.0,354.0,1895.0,1199.0
Madhya Pradesh,Burhanpur,2025-10-01,563,2025,10,1119.0,-1857.0,-3056.0,1957.3333333333333,-1857.0
Madhya Pradesh,Burhanpur,2025-11-01,770,2025,11,563.0,-556.0,1301.0,1552.6666666666667,-556.0
Madhya Pradesh,Burhanpur,2025-12-01,750,2025,12,770.0,207.0,763.0,817.3333333333334,207.0
Assam,Cachar,2025-10-01,1761,2025,10,3463.0,-2410.0,-6651.0,3656.0,-2410.0
Assam,Cachar,2025-11-01,1739,2025,11,1761.0,-1702.0,708.0,3699.0,-1702.0
Assam,Cachar,2025-12-01,995,2025,12,1739.0,-22.0,1680.0,2321.0,-22.0
Delhi,Central Delhi,2025-09-01,725,2025,9,1152.0,958.0,1097.0,559.6666666666666,958.0
Delhi,Central Delhi,2025-10-01,376,2025,10,725.0,-427.0,-1385.0,690.3333333333334,-427.0
Delhi,Central Delhi,2025-11-01,581,2025,11,376.0,-349.0,78.0,751.0,-349.0
Delhi,Central Delhi,2025-12-01,402,2025,12,581.0,205.0,554.0,560.6666666666666,205.0
Mizoram,Champhai,2025-10-01,170,2025,10,155.0,-17.0,-51.0,155.0,-17.0
Mizoram,Champhai,2025-11-01,107,2025,11,170.0,15.0,32.0,165.66666666666666,15.0
Mizoram,Champhai,2025-12-01,29,2025,12,107.0,-63.0,-78.0,144.0,-63.0
Uttar Pradesh,Chandauli,2025-09-01,2839,2025,9,1605.0,1138.0,1090.0,830.3333333333334,1138.0
Uttar Pradesh,Chandauli,2025-10-01,955,2025,10,2839.0,1234.0,96.0,1637.0,1234.0
Uttar Pradesh,Chandauli,2025-11-01,1827,2025,11,955.0,-1884.0,-3118.0,1799.6666666666667,-1884.0
Uttar Pradesh,Chandauli,2025-12-01,864,2025,12,1827.0,872.0,2756.0,1873.6666666666667,872.0
Chandigarh,Chandigarh,2025-12-01,523,2025,12,657.0,192.0,582.0,659.0,192.0
Maharashtra,Chandrapur,2025-10-01,547,2025,10,1343.0,940.0,769.0,659.3333333333334,940.0
Maharashtra,Chandrapur,2025-11-01,878,2025,11,547.0,-796.0,-1736.0,764.3333333333334,-796.0
Maharashtra,Chandrapur,2025-12-01,798,2025,12,878.0,331.0,1127.0,922.6666666666666,331.0
Assam,Charaideo,2025-11-01,221,2025,11,168.0,-131.0,-380.0,172.33333333333334,-131.0
Assam,Charaideo,2025-12-01,139,2025,12,221.0,53.0,184.0,229.33333333333334,53.0
Jharkhand,Chatra,2025-11-01,1750,2025,11,863.0,-854.0,-2070.0,1027.0,-854.0
Jharkhand,Chatra,2025-12-01,974,2025,12,1750.0,887.0,1741.0,1443.3333333333333,887.0
Tamil Nadu,Chengalpattu,2025-12-01,188,2025,12,304.0,129.0,299.0,274.6666666666667,129.0
Tamil Nadu,Chennai,2025-12-01,1592,2025,12,2892.0,1073.0,2410.0,2622.3333333333335,1073.0
Madhya Pradesh,Chhatarpur,2025-09-01,4215,2025,9,3586.0,2872.0,2895.0,1679.0,2872.0
Madhya Pradesh,Chhatarpur,2025-10-01,1452,2025,10,4215.0,629.0,-2243.0,2838.3333333333335,629.0
Madhya Pradesh,Chhatarpur,2025-11-01,3144,2025,11,1452.0,-2763.0,-3392.0,3084.3333333333335,-2763.0
Madhya Pradesh,Chhatarpur,2025-12-01,2966,2025,12,3144.0,1692.0,4455.0,2937.0,1692.0
Gujarat,Chhotaudepur,2025-09-01,424,2025,9,1862.0,1721.0,1796.0,739.6666666666666,1721.0
Gujarat,Chhotaudepur,2025-10-01,159,2025,10,424.0,-1438.0,-3159.0,809.0,-1438.0
Gujarat,Chhotaudepur,2025-11-01,438,2025,11,159.0,-265.0,1173.0,815.0,-265.0
Gujarat,Chhotaudepur,2025-12-01,344,2025,12,438.0,279.0,544.0,340.3333333333333,279.0
Assam,Chirang,2025-10-01,225,2025,10,511.0,-798.0,-1540.0,795.6666666666666,-798.0
Assam,Chirang,2025-11-01,320,2025,11,225.0,-286.0,512.0,681.6666666666666,-286.0
Assam,Chirang,2025-12-01,298,2025,12,320.0,95.0,381.0,352.0,95.0
Rajasthan,Chittorgarh,2025-12-01,814,2025,12,1063.0,535.0,2255.0,1279.6666666666667,535.0
Nagaland,Chumukedima,2025-12-01,11,2025,12,30.0,14.0,37.0,28.333333333333332,14.0
Manipur,Churachandpur,2025-10-01,440,2025,10,650.0,-976.0,-1999.0,959.6666666666666,-976.0
Manipur,Churachandpur,2025-11-01,406,2025,11,440.0,-210.0,766.0,905.3333333333334,-210.0
Manipur,Churachandpur,2025-12-01,237,2025,12,406.0,-34.0,176.0,498.6666666666667,-34.0
Rajasthan,Churu,2025-10-01,1498,2025,10,3972.0,1822.0,207.0,2219.0,1822.0
Rajasthan,Churu,2025-11-01,2266,2025,11,1498.0,-2474.0,-4296.0,2540.0,-2474.0
Rajasthan,Churu,2025-12-01,1705,2025,12,2266.0,768.0,3242.0,2578.6666666666665,768.0
Tamil Nadu,Coimbatore,2025-12-01,1308,2025,12,2480.0,667.0,1898.0,2445.6666666666665,667.0
West Bengal,Cooch Behar,2025-07-01,4255,2025,7,105.0,-1569.0,-2758.0,754.6666666666666,-1569.0
West Bengal,Cooch Behar,2025-09-01,3244,2025,9,4255.0,4150.0,5719.0,2011.3333333333333,4150.0
West Bengal,Cooch Behar,2025-10-01,2414,2025,10,3244.0,-1011.0,-5161.0,2534.6666666666665,-1011.0
West Bengal,Cooch Behar,2025-11-01,1869,2025,11,2414.0,-830.0,181.0,3304.3333333333335,-830.0
West Bengal,Cooch Behar,2025-12-01,884,2025,12,1869.0,-545.0,285.0,2509.0,-545.0
Tamil Nadu,Cuddalore,2025-12-01,1333,2025,12,2454.0,1045.0,2753.0,2326.6666666666665,1045.0
Dadra and Nagar Haveli and Daman and Diu,Dadra and Nagar Haveli,2025-11-01,189,2025,11,124.0,-285.0,-227.0,333.3333333333333,-285.0
Dadra and Nagar Haveli and Daman and Diu,Dadra and Nagar Haveli,2025-12-01,128,2025,12,189.0,65.0,350.0,240.66666666666666,65.0
Gujarat,Dahod,2025-11-01,1912,2025,11,731.0,-1845.0,-2341.0,1795.6666666666667,-1845.0
Gujarat,Dahod,2025-12-01,821,2025,12,1912.0,1181.0,3026.0,1739.6666666666667,1181.0
West Bengal,Dakshin Dinajpur,2025-12-01,798,2025,12,1245.0,-56.0,1479.0,1794.0,-56.0
Bihar,Darbhanga,2025-12-01,2594,2025,12,3607.0,345.0,2339.0,4041.6666666666665,345.0
West Bengal,Darjeeling,2025-09-01,1402,2025,9,1485.0,800.0,713.0,922.6666666666666,800.0
West Bengal,Darjeeling,2025-10-01,642,2025,10,1402.0,-83.0,-883.0,1190.6666666666667,-83.0
West Bengal,Darjeeling,2025-11-01,967,2025,11,642.0,-760.0,-677.0,1176.3333333333333,-760.0
West Bengal,Darjeeling,2025-12-01,800,2025,12,967.0,325.0,1085.0,1003.6666666666666,325.0
Assam,Darrang,2025-09-01,1784,2025,9,257.0,159.0,509.0,267.6666666666667,159.0
Assam,Darrang,2025-10-01,1050,2025,10,1784.0,1527.0,1368.0,713.0,1527.0
Assam,Darrang,2025-11-01,1572,2025,11,1050.0,-734.0,-2261.0,1030.3333333333333,-734.0
Assam,Darrang,2025-12-01,968,2025,12,1572.0,522.0,1256.0,1468.6666666666667,522.0
Madhya Pradesh,Datia,2025-11-01,1201,2025,11,507.0,-1609.0,-2886.0,1154.0,-1609.0
Madhya Pradesh,Datia,2025-12-01,844,2025,12,1201.0,694.0,2303.0,1274.6666666666667,694.0
Uttarakhand,Dehradun,2025-07-01,1631,2025,7,294.0,-330.0,-280.0,530.6666666666666,-330.0
Uttarakhand,Dehradun,2025-09-01,2221,2025,9,1631.0,1337.0,1667.0,849.6666666666666,1337.0
Uttarakhand,Dehradun,2025-10-01,1198,2025,10,2221.0,590.0,-747.0,1382.0,590.0
Uttarakhand,Dehradun,2025-11-01,1592,2025,11,1198.0,-1023.0,-1613.0,1683.3333333333333,-1023.0
Uttarakhand,Dehradun,2025-12-01,955,2025,12,1592.0,394.0,1417.0,1670.3333333333333,394.0
Jharkhand,Deoghar,2025-11-01,2272,2025,11,1459.0,-600.0,-1936.0,1413.6666666666667,-600.0
Jharkhand,Deoghar,2025-12-01,1492,2025,12,2272.0,813.0,1413.0,1930.0,813.0
Uttar Pradesh,Deoria,2025-11-01,2188,2025,11,1582.0,-2021.0,-5243.0,1855.3333333333333,-2021.0
Uttar Pradesh,Deoria,2025-12-01,1452,2025,12,2188.0,606.0,2627.0,2457.6666666666665,606.0
Gujarat,Devbhumi Dwarka,2025-10-01,198,2025,10,592.0,15.0,-346.0,461.6666666666667,15.0
Gujarat,Devbhumi Dwarka,2025-11-01,321,2025,11,198.0,-394.0,-409.0,455.6666666666667,-394.0
Gujarat,Devbhumi Dwarka,2025-12-01,269,2025,12,321.0,123.0,517.0,370.3333333333333,123.0
Madhya Pradesh,Dewas,2025-10-01,1369,2025,10,2506.0,1657.0,1430.0,1325.6666666666667,1657.0
Madhya Pradesh,Dewas,2025-11-01,2894,2025,11,1369.0,-1137.0,-2794.0,1574.6666666666667,-1137.0
Madhya Pradesh,Dewas,2025-12-01,1625,2025,12,2894.0,1525.0,2662.0,2256.3333333333335,1525.0
Tripura,Dhalai,2025-12-01,240,2025,12,363.0,174.0,459.0,342.0,174.0
Jharkhand,Dhanbad,2025-12-01,1162,2025,12,2812.0,873.0,2274.0,2697.0,873.0
Madhya Pradesh,Dhar,2025-10-01,1612,2025,10,3128.0,2206.0,2811.0,1859.0,2206.0
Madhya Pradesh,Dhar,2025-11-01,2538,2025,11,1612.0,-1516.0,-3722.0,1887.3333333333333,-1516.0
Madhya Pradesh,Dhar,2025-12-01,2203,2025,12,2538.0,926.0,2442.0,2426.0,926.0
Assam,Dhemaji,2025-07-01,2538,2025,7,316.0,-275.0,-459.0,438.0,-275.0
Assam,Dhemaji,2025-09-01,906,2025,9,2538.0,2222.0,2497.0,1148.3333333333333,2222.0
Assam,Dhemaji,2025-10-01,649,2025,10,906.0,-1632.0,-3854.0,1253.3333333333333,-1632.0
Assam,Dhemaji,2025-11-01,757,2025,11,649.0,-257.0,1375.0,1364.3333333333333,-257.0
Assam,Dhemaji,2025-12-01,554,2025,12,757.0,108.0,365.0,770.6666666666666,108.0
Rajasthan,Dholpur,2025-11-01,1556,2025,11,960.0,-1931.0,-4095.0,1526.0,-1931.0
Rajasthan,Dholpur,2025-12-01,866,2025,12,1556.0,596.0,2527.0,1802.3333333333333,596.0
Assam,Dhubri,2025-09-01,3829,2025,9,1107.0,562.0,1749.0,1128.0,562.0
Assam,Dhubri,2025-10-01,1716,2025,10,3829.0,2722.0,2160.0,1827.0,2722.0
Assam,Dhubri,2025-11-01,1752,2025,11,1716.0,-2113.0,-4835.0,2217.3333333333335,-2113.0
Assam,Dhubri,2025-12-01,1265,2025,12,1752.0,36.0,2149.0,2432.3333333333335,36.0
Maharashtra,Dhule,2025-10-01,1217,2025,10,4206.0,1562.0,406.0,2779.3333333333335,1562.0
Maharashtra,Dhule,2025-11-01,1585,2025,11,1217.0,-2989.0,-4551.0,2689.0,-2989.0
Maharashtra,Dhule,2025-12-01,1189,2025,12,1585.0,368.0,3357.0,2336.0,368.0
Assam,Dibrugarh,2025-07-01,2484,2025,7,674.0,290.0,420.0,524.0,290.0
Assam,Dibrugarh,2025-09-01,1010,2025,9,2484.0,1810.0,1520.0,1180.6666666666667,1810.0
Assam,Dibrugarh,2025-10-01,621,2025,10,1010.0,-1474.0,-3284.0,1389.3333333333333,-1474.0
Assam,Dibrugarh,2025-11-01,772,2025,11,621.0,-389.0,1085.0,1371.6666666666667,-389.0
Assam,Dibrugarh,2025-12-01,391,2025,12,772.0,151.0,540.0,801.0,151.0
Assam,Dima Hasao,2025-11-01,5,2025,11,8.0,-5.0,130.0,56.333333333333336,-5.0
Assam,Dima Hasao,2025-12-01,3,2025,12,5.0,-3.0,2.0,8.666666666666666,-3.0
Nagaland,Dimapur,2025-09-01,353,2025,9,784.0,407.0,414.0,515.0,407.0
Nagaland,Dimapur,2025-10-01,235,2025,10,353.0,-431.0,-838.0,504.6666666666667,-431.0
Nagaland,Dimapur,2025-11-01,213,2025,11,235.0,-118.0,313.0,457.3333333333333,-118.0
Nagaland,Dimapur,2025-12-01,53,2025,12,213.0,-22.0,96.0,267.0,-22.0
Jammu and Kashmir,Doda,2025-12-01,968,2025,12,1067.0,-368.0,-1388.0,972.3333333333334,-368.0
Gujarat,Dohad,2025-10-01,191,2025,10,691.0,-7310.0,-12123.0,3960.0,-7310.0
Gujarat,Dohad,2025-11-01,558,2025,11,191.0,-500.0,6810.0,2961.0,-500.0
Gujarat,Dohad,2025-12-01,197,2025,12,558.0,367.0,867.0,480.0,367.0
Jharkhand,Dumka,2025-10-01,1022,2025,10,1798.0,1610.0,1620.0,728.0,1610.0
Jharkhand,Dumka,2025-11-01,1540,2025,11,1022.0,-776.0,-2386.0,1002.6666666666666,-776.0
Jharkhand,Dumka,2025-12-01,826,2025,12,1540.0,518.0,1294.0,1453.3333333333333,518.0
Rajasthan,Dungarpur,2025-12-01,1054,2025,12,1520.0,598.0,2448.0,1738.0,598.0
Chhattisgarh,Durg,2025-11-01,837,2025,11,399.0,-721.0,-1346.0,671.3333333333334,-721.0
Chhattisgarh,Durg,2025-12-01,678,2025,12,837.0,438.0,1159.0,785.3333333333334,438.0
Bihar,East Champaran,2025-11-01,9250,2025,11,7526.0,-5934.0,-9920.0,10153.333333333334,-5934.0
Bihar,East Champaran,2025-12-01,8221,2025,12,9250.0,1724.0,7658.0,10078.666666666666,1724.0
Meghalaya,East Khasi Hills,2025-07-01,10205,2025,7,5317.0,-2009.0,3158.0,8378.666666666666,-2009.0
Meghalaya,East Khasi Hills,2025-09-01,3348,2025,9,10205.0,4888.0,6897.0,7616.0,4888.0
Meghalaya,East Khasi Hills,2025-10-01,1915,2025,10,3348.0,-6857.0,-11745.0,6290.0,-6857.0
Meghalaya,East Khasi Hills,2025-11-01,2272,2025,11,1915.0,-1433.0,5424.0,5156.0,-1433.0
Meghalaya,East Khasi Hills,2025-12-01,610,2025,12,2272.0,357.0,1790.0,2511.6666666666665,357.0
Madhya Pradesh,East Nimar,2025-12-01,818,2025,12,957.0,194.0,978.0,1089.0,194.0
Sikkim,East Sikkim,2025-11-01,119,2025,11,112.0,-135.0,-211.0,176.66666666666666,-135.0
Sikkim,East Sikkim,2025-12-01,53,2025,12,119.0,7.0,142.0,159.33333333333334,7.0
Jharkhand,East Singhbhum,2025-11-01,3676,2025,11,2604.0,-1499.0,-3086.0,3074.3333333333335,-1499.0
Jharkhand,East Singhbhum,2025-12-01,2948,2025,12,3676.0,1072.0,2571.0,3461.0,1072.0
Kerala,Ernakulam,2025-11-01,1814,2025,11,1389.0,-279.0,-1723.0,1093.6666666666667,-279.0
Kerala,Ernakulam,2025-12-01,990,2025,12,1814.0,425.0,704.0,1623.6666666666667,425.0
Uttar Pradesh,Etah,2025-10-01,755,2025,10,1652.0,-2080.0,-4215.0,2327.0,-2080.0
Uttar Pradesh,Etah,2025-11-01,1417,2025,11,755.0,-897.0,1183.0,2046.3333333333333,-897.0
Uttar Pradesh,Etah,2025-12-01,921,2025,12,1417.0,662.0,1559.0,1274.6666666666667,662.0
Uttar Pradesh,Etawah,2025-11-01,1425,2025,11,948.0,-1215.0,-2355.0,1378.0,-1215.0
Uttar Pradesh,Etawah,2025-12-01,883,2025,12,1425.0,477.0,1692.0,1512.0,477.0
Haryana,Faridabad,2025-07-01,3465,2025,7,2264.0,563.0,468.0,1857.0,563.0
Haryana,Faridabad,2025-09-01,2232,2025,9,3465.0,1201.0,638.0,2476.6666666666665,1201.0
Haryana,Faridabad,2025-10-01,1223,2025,10,2232.0,-1233.0,-2434.0,2653.6666666666665,-1233.0
Haryana,Faridabad,2025-11-01,2120,2025,11,1223.0,-1009.0,224.0,2306.6666666666665,-1009.0
Haryana,Faridabad,2025-12-01,1020,2025,12,2120.0,897.0,1906.0,1858.3333333333333,897.0
Uttar Pradesh,Farrukhabad,2025-12-01,1176,2025,12,1531.0,590.0,1578.0,1467.0,590.0
Uttar Pradesh,Fatehpur,2025-09-01,3170,2025,9,2640.0,2031.0,1931.0,1252.6666666666667,2031.0
Uttar Pradesh,Fatehpur,2025-10-01,1436,2025,10,3170.0,530.0,-1501.0,2139.6666666666665,530.0
Uttar Pradesh,Fatehpur,2025-11-01,2041,2025,11,1436.0,-1734.0,-2264.0,2415.3333333333335,-1734.0
Uttar Pradesh,Fatehpur,2025-12-01,1386,2025,12,2041.0,605.0,2339.0,2215.6666666666665,605.0
Uttar Pradesh,Firozabad,2025-10-01,1034,2025,10,2670.0,-320.0,-912.0,2686.0,-320.0
Uttar Pradesh,Firozabad,2025-11-01,1510,2025,11,1034.0,-1636.0,-1316.0,2231.3333333333335,-1636.0
Uttar Pradesh,Firozabad,2025-12-01,1259,2025,12,1510.0,476.0,2112.0,1738.0,476.0
Gujarat,Gandhinagar,2025-09-01,1171,2025,9,547.0,235.0,218.0,384.6666666666667,235.0
Gujarat,Gandhinagar,2025-10-01,401,2025,10,1171.0,624.0,389.0,676.6666666666666,624.0
Gujarat,Gandhinagar,2025-11-01,1152,2025,11,401.0,-770.0,-1394.0,706.3333333333334,-770.0
Gujarat,Gandhinagar,2025-12-01,769,2025,12,1152.0,751.0,1521.0,908.0,751.0
Uttarakhand,Garhwa,2025-11-01,9,2025,11,1946.0,1926.0,3020.0,1026.6666666666667,1926.0
Jharkhand,Garhwa,2025-12-01,1172,2025,12,9.0,-1937.0,-3863.0,658.3333333333334,-1937.0
Uttarakhand,Garhwa,2025-12-01,4,2025,12,1172.0,1163.0,3100.0,1042.3333333333333,1163.0
Chhattisgarh,Gaurela-pendra-marwahi,2025-11-01,29,2025,11,34.0,-15.0,288.0,145.0,-15.0
Chhattisgarh,Gaurela-pendra-marwahi,2025-12-01,20,2025,12,29.0,-5.0,10.0,37.333333333333336,-5.0
Uttar Pradesh,Gautam Buddha Nagar,2025-07-01,3175,2025,7,1909.0,75.0,732.0,2078.0,75.0
Uttar Pradesh,Gautam Buddha Nagar,2025-09-01,3170,2025,9,3175.0,1266.0,1191.0,2306.0,1266.0
Uttar Pradesh,Gautam Buddha Nagar,2025-10-01,1614,2025,10,3170.0,-5.0,-1271.0,2751.3333333333335,-5.0
Uttar Pradesh,Gautam Buddha Nagar,2025-11-01,2366,2025,11,1614.0,-1556.0,-1551.0,2653.0,-1556.0
Uttar Pradesh,Gautam Buddha Nagar,2025-12-01,1346,2025,12,2366.0,752.0,2308.0,2383.3333333333335,752.0
Bihar,Gaya,2025-09-01,5652,2025,9,3212.0,1319.0,1743.0,2474.0,1319.0
Bihar,Gaya,2025-10-01,4061,2025,10,5652.0,2440.0,1121.0,3585.6666666666665,2440.0
Bihar,Gaya,2025-11-01,3559,2025,11,4061.0,-1591.0,-4031.0,4308.333333333333,-1591.0
Bihar,Gaya,2025-12-01,4204,2025,12,3559.0,-502.0,1089.0,4424.0,-502.0
Uttar Pradesh,Ghaziabad,2025-09-01,5574,2025,9,3716.0,1236.0,422.0,2620.6666666666665,1236.0
Uttar Pradesh,Ghaziabad,2025-10-01,2489,2025,10,5574.0,1858.0,622.0,3923.3333333333335,1858.0
Uttar Pradesh,Ghaziabad,2025-11-01,4016,2025,11,2489.0,-3085.0,-4943.0,3926.3333333333335,-3085.0
Uttar Pradesh,Ghaziabad,2025-12-01,2024,2025,12,4016.0,1527.0,4612.0,4026.3333333333335,1527.0
Gujarat,Gir Somnath,2025-10-01,345,2025,10,881.0,-463.0,-1547.0,828.3333333333334,-463.0
Gujarat,Gir Somnath,2025-11-01,685,2025,11,345.0,-536.0,-73.0,856.6666666666666,-536.0
Gujarat,Gir Somnath,2025-12-01,451,2025,12,685.0,340.0,876.0,637.0,340.0
Jharkhand,Giridih,2025-12-01,2363,2025,12,3782.0,1420.0,2826.0,3304.0,1420.0
Assam,Goalpara,2025-09-01,2148,2025,9,2898.0,2818.0,3519.0,1253.0,2818.0
Assam,Goalpara,2025-10-01,902,2025,10,2148.0,-750.0,-3568.0,1708.6666666666667,-750.0
Assam,Goalpara,2025-11-01,1003,2025,11,902.0,-1246.0,-496.0,1982.6666666666667,-1246.0
Assam,Goalpara,2025-12-01,738,2025,12,1003.0,101.0,1347.0,1351.0,101.0
Jharkhand,Godda,2025-12-01,864,2025,12,1549.0,699.0,1610.0,1386.6666666666667,699.0
Assam,Golaghat,2025-09-01,1428,2025,9,3469.0,2204.0,2802.0,2199.0,2204.0
Assam,Golaghat,2025-10-01,665,2025,10,1428.0,-2041.0,-4245.0,2054.0,-2041.0
Assam,Golaghat,2025-11-01,905,2025,11,665.0,-763.0,1278.0,1854.0,-763.0
Assam,Golaghat,2025-12-01,521,2025,12,905.0,240.0,1003.0,999.3333333333334,240.0
Tripura,Gomati,2025-12-01,144,2025,12,148.0,65.0,156.0,135.0,65.0
Uttar Pradesh,Gonda,2025-11-01,2889,2025,11,2203.0,-2486.0,-4453.0,3204.6666666666665,-2486.0
Uttar Pradesh,Gonda,2025-12-01,1841,2025,12,2889.0,686.0,3172.0,3260.3333333333335,686.0
Bihar,Gopalganj,2025-10-01,2134,2025,10,3056.0,165.0,-953.0,2573.3333333333335,165.0
Bihar,Gopalganj,2025-11-01,2086,2025,11,2134.0,-922.0,-1087.0,2693.6666666666665,-922.0
Bihar,Gopalganj,2025-12-01,2001,2025,12,2086.0,-48.0,874.0,2425.3333333333335,-48.0
Uttar Pradesh,Gorakhpur,2025-07-01,3579,2025,7,826.0,304.0,973.0,846.3333333333334,304.0
Uttar Pradesh,Gorakhpur,2025-09-01,5185,2025,9,3579.0,2753.0,2449.0,1642.3333333333333,2753.0
Uttar Pradesh,Gorakhpur,2025-10-01,2665,2025,10,5185.0,1606.0,-1147.0,3196.6666666666665,1606.0
Uttar Pradesh,Gorakhpur,2025-11-01,3536,2025,11,2665.0,-2520.0,-4126.0,3809.6666666666665,-2520.0
Uttar Pradesh,Gorakhpur,2025-12-01,2111,2025,12,3536.0,871.0,3391.0,3795.3333333333335,871.0
Jharkhand,Gumla,2025-11-01,1366,2025,11,1051.0,-1159.0,-2677.0,1317.6666666666667,-1159.0
Jharkhand,Gumla,2025-12-01,964,2025,12,1366.0,315.0,1474.0,1542.3333333333333,315.0
Madhya Pradesh,Guna,2025-10-01,949,2025,10,329.0,-3206.0,-5669.0,1645.3333333333333,-3206.0
Himachal Pradesh,Guna,2025-11-01,318,2025,11,949.0,620.0,3826.0,1604.3333333333333,620.0
Madhya Pradesh,Guna,2025-11-01,1722,2025,11,318.0,-631.0,-1251.0,532.0,-631.0
Himachal Pradesh,Guna,2025-12-01,211,2025,12,1722.0,1404.0,2035.0,996.3333333333334,1404.0
Madhya Pradesh,Guna,2025-12-01,1637,2025,12,211.0,-1511.0,-2915.0,750.3333333333334,-1511.0
Punjab,Gurdaspur,2025-10-01,813,2025,10,1453.0,795.0,284.0,752.6666666666666,795.0
Punjab,Gurdaspur,2025-11-01,1112,2025,11,813.0,-640.0,-1435.0,974.6666666666666,-640.0
Punjab,Gurdaspur,2025-12-01,588,2025,12,1112.0,299.0,939.0,1126.0,299.0
Haryana,Gurgaon,2025-11-01,1575,2025,11,1001.0,-758.0,-1849.0,1142.6666666666667,-758.0
Haryana,Gurgaon,2025-12-01,926,2025,12,1575.0,574.0,1332.0,1445.0,574.0
Madhya Pradesh,Gwalior,2025-07-01,4409,2025,7,1930.0,1466.0,2340.0,1244.0,1466.0
Madhya Pradesh,Gwalior,2025-09-01,3715,2025,9,4409.0,2479.0,1013.0,2267.6666666666665,2479.0
Madhya Pradesh,Gwalior,2025-10-01,1249,2025,10,3715.0,-694.0,-3173.0,3351.3333333333335,-694.0
Madhya Pradesh,Gwalior,2025-11-01,3090,2025,11,1249.0,-2466.0,-1772.0,3124.3333333333335,-2466.0
Madhya Pradesh,Gwalior,2025-12-01,1848,2025,12,3090.0,1841.0,4307.0,2684.6666666666665,1841.0
Assam,Hailakandi,2025-11-01,871,2025,11,777.0,-987.0,-1735.0,1185.6666666666667,-987.0
Assam,Hailakandi,2025-12-01,508,2025,12,871.0,94.0,1081.0,1137.3333333333333,94.0
Uttar Pradesh,Hamirpur,2025-11-01,910,2025,11,363.0,-154.0,-375.0,392.0,-154.0
Himachal Pradesh,Hamirpur,2025-12-01,225,2025,12,910.0,547.0,701.0,596.6666666666666,547.0
Uttar Pradesh,Hamirpur,2025-12-01,574,2025,12,225.0,-685.0,-1232.0,499.3333333333333,-685.0
Rajasthan,Hanumangarh,2025-12-01,755,2025,12,915.0,263.0,1370.0,1108.6666666666667,263.0
Uttar Pradesh,Hapur,2025-11-01,1048,2025,11,857.0,-605.0,-276.0,1370.0,-605.0
Uttar Pradesh,Hapur,2025-12-01,885,2025,12,1048.0,191.0,796.0,1122.3333333333333,191.0
Uttar Pradesh,Hardoi,2025-11-01,3639,2025,11,2623.0,-2792.0,287.0,5510.666666666667,-2792.0
Uttar Pradesh,Hardoi,2025-12-01,2224,2025,12,3639.0,1016.0,3808.0,3892.3333333333335,1016.0
Uttarakhand,Haridwar,2025-11-01,1394,2025,11,1162.0,-485.0,-1400.0,1180.3333333333333,-485.0
Uttarakhand,Haridwar,2025-12-01,1025,2025,12,1394.0,232.0,717.0,1401.0,232.0
Uttar Pradesh,Hathras,2025-11-01,1311,2025,11,803.0,-1026.0,-2387.0,1033.3333333333333,-1026.0
Uttar Pradesh,Hathras,2025-12-01,1199,2025,12,1311.0,508.0,1534.0,1314.3333333333333,508.0
Jharkhand,Hazaribagh,2025-12-01,1050,2025,12,1833.0,549.0,1403.0,1751.6666666666667,549.0
Maharashtra,Hingoli,2025-09-01,1393,2025,9,3006.0,2669.0,2643.0,1218.0,2669.0
Maharashtra,Hingoli,2025-10-01,618,2025,10,1393.0,-1613.0,-4282.0,1578.6666666666667,-1613.0
Maharashtra,Hingoli,2025-11-01,750,2025,11,618.0,-775.0,838.0,1672.3333333333333,-775.0
Maharashtra,Hingoli,2025-12-01,587,2025,12,750.0,132.0,907.0,920.3333333333334,132.0
Haryana,Hisar,2025-12-01,813,2025,12,1271.0,124.0,390.0,1277.0,124.0
Assam,Hojai,2025-09-01,1454,2025,9,2123.0,1759.0,2511.0,1201.0,1759.0
Assam,Hojai,2025-10-01,686,2025,10,1454.0,-669.0,-2428.0,1313.6666666666667,-669.0
Assam,Hojai,2025-11-01,700,2025,11,686.0,-768.0,-99.0,1421.0,-768.0
Assam,Hojai,2025-12-01,408,2025,12,700.0,14.0,782.0,946.6666666666666,14.0
West Bengal,Hooghly,2025-12-01,2364,2025,12,3581.0,389.0,2803.0,4126.333333333333,389.0
Madhya Pradesh,Hoshangabad,2025-12-01,997,2025,12,1312.0,471.0,2113.0,1545.3333333333333,471.0
Punjab,Hoshiarpur,2025-09-01,972,2025,9,365.0,52.0,2.0,313.6666666666667,52.0
Punjab,Hoshiarpur,2025-10-01,511,2025,10,972.0,607.0,555.0,550.0,607.0
Punjab,Hoshiarpur,2025-11-01,821,2025,11,511.0,-461.0,-1068.0,616.0,-461.0
Punjab,Hoshiarpur,2025-12-01,505,2025,12,821.0,310.0,771.0,768.0,310.0
West Bengal,Howrah,2025-12-01,1409,2025,12,2770.0,399.0,2265.0,3126.0,399.0
Telangana,Hyderabad,2025-09-01,4942,2025,9,7252.0,6034.0,5727.0,3127.0,6034.0
Andhra Pradesh,Hyderabad,2025-10-01,1173,2025,10,4942.0,-2310.0,-8344.0,4470.666666666667,-2310.0
Telangana,Hyderabad,2025-10-01,3884,2025,10,1173.0,-3769.0,-1459.0,4455.666666666667,-3769.0
Andhra Pradesh,Hyderabad,2025-11-01,1343,2025,11,3884.0,2711.0,6480.0,3333.0,2711.0
Telangana,Hyderabad,2025-11-01,4447,2025,11,1343.0,-2541.0,-5252.0,2133.3333333333335,-2541.0
Andhra Pradesh,Hyderabad,2025-12-01,701,2025,12,4447.0,3104.0,5645.0,3224.6666666666665,3104.0
Telangana,Hyderabad,2025-12-01,2600,2025,12,701.0,-3746.0,-6850.0,2163.6666666666665,-3746.0
Manipur,Imphal West,2025-12-01,425,2025,12,673.0,164.0,262.0,596.3333333333334,164.0
Madhya Pradesh,Indore,2025-09-01,4731,2025,9,4994.0,4433.0,4520.0,2067.6666666666665,4433.0
Madhya Pradesh,Indore,2025-10-01,2600,2025,10,4731.0,-263.0,-4696.0,3428.6666666666665,-263.0
Madhya Pradesh,Indore,2025-11-01,4254,2025,11,2600.0,-2131.0,-1868.0,4108.333333333333,-2131.0
Madhya Pradesh,Indore,2025-12-01,3187,2025,12,4254.0,1654.0,3785.0,3861.6666666666665,1654.0
Madhya Pradesh,Jabalpur,2025-11-01,3164,2025,11,2192.0,-1744.0,-5218.0,2196.6666666666665,-1744.0
Madhya Pradesh,Jabalpur,2025-12-01,2470,2025,12,3164.0,972.0,2716.0,3097.3333333333335,972.0
Rajasthan,Jaipur,2025-10-01,3435,2025,10,9131.0,5693.0,2455.0,4256.333333333333,5693.0
Rajasthan,Jaipur,2025-11-01,6421,2025,11,3435.0,-5696.0,-11389.0,5334.666666666667,-5696.0
Rajasthan,Jaipur,2025-12-01,4282,2025,12,6421.0,2986.0,8682.0,6329.0,2986.0
Rajasthan,Jaisalmer,2025-12-01,433,2025,12,552.0,128.0,963.0,745.0,128.0
Uttar Pradesh,Jalaun,2025-11-01,1296,2025,11,760.0,-1004.0,-2247.0,1015.0,-1004.0
Uttar Pradesh,Jalaun,2025-12-01,790,2025,12,1296.0,536.0,1540.0,1273.3333333333333,536.0
Maharashtra,Jalgaon,2025-10-01,1633,2025,10,4758.0,3295.0,2473.0,2287.3333333333335,3295.0
Maharashtra,Jalgaon,2025-11-01,2319,2025,11,1633.0,-3125.0,-6420.0,2618.0,-3125.0
Maharashtra,Jalgaon,2025-12-01,1892,2025,12,2319.0,686.0,3811.0,2903.3333333333335,686.0
Rajasthan,Jalor,2025-11-01,2919,2025,11,1660.0,-3332.0,-7834.0,2380.6666666666665,-3332.0
Rajasthan,Jalor,2025-12-01,2087,2025,12,2919.0,1259.0,4591.0,3190.3333333333335,1259.0
West Bengal,Jalpaiguri,2025-09-01,3257,2025,9,643.0,328.0,993.0,646.0,328.0
West Bengal,Jalpaiguri,2025-10-01,1503,2025,10,3257.0,2614.0,2286.0,1405.0,2614.0
West Bengal,Jalpaiguri,2025-11-01,1992,2025,11,1503.0,-1754.0,-4368.0,1801.0,-1754.0
West Bengal,Jalpaiguri,2025-12-01,1549,2025,12,1992.0,489.0,2243.0,2250.6666666666665,489.0
Jammu and Kashmir,Jammu,2025-12-01,928,2025,12,1020.0,36.0,548.0,1166.6666666666667,36.0
Gujarat,Jamnagar,2025-10-01,654,2025,10,1520.0,506.0,46.0,1029.3333333333333,506.0
Gujarat,Jamnagar,2025-11-01,1123,2025,11,654.0,-866.0,-1372.0,1062.6666666666667,-866.0
Gujarat,Jamnagar,2025-12-01,786,2025,12,1123.0,469.0,1335.0,1099.0,469.0
Bihar,Jamui,2025-10-01,1807,2025,10,2301.0,1529.0,1307.0,1207.6666666666667,1529.0
Bihar,Jamui,2025-11-01,1778,2025,11,1807.0,-494.0,-2023.0,1626.6666666666667,-494.0
Bihar,Jamui,2025-12-01,1198,2025,12,1778.0,-29.0,465.0,1962.0,-29.0
Uttar Pradesh,Jaunpur,2025-10-01,2677,2025,10,5035.0,3969.0,4429.0,2542.3333333333335,3969.0
Uttar Pradesh,Jaunpur,2025-11-01,3021,2025,11,2677.0,-2358.0,-6327.0,2926.0,-2358.0
Uttar Pradesh,Jaunpur,2025-12-01,1863,2025,12,3021.0,344.0,2702.0,3577.6666666666665,344.0
Bihar,Jehanabad,2025-11-01,929,2025,11,1025.0,-273.0,-1315.0,859.6666666666666,-273.0
Bihar,Jehanabad,2025-12-01,784,2025,12,929.0,-96.0,177.0,1084.0,-96.0
Madhya Pradesh,Jhabua,2025-09-01,3277,2025,9,2761.0,1862.0,1597.0,1431.3333333333333,1862.0
Madhya Pradesh,Jhabua,2025-10-01,1401,2025,10,3277.0,516.0,-1346.0,2312.3333333333335,516.0
Madhya Pradesh,Jhabua,2025-11-01,2127,2025,11,1401.0,-1876.0,-2392.0,2479.6666666666665,-1876.0
Madhya Pradesh,Jhabua,2025-12-01,1451,2025,12,2127.0,726.0,2602.0,2268.3333333333335,726.0
Rajasthan,Jhalawar,2025-12-01,1149,2025,12,1661.0,811.0,2999.0,1849.6666666666667,811.0
Uttar Pradesh,Jhansi,2025-12-01,1259,2025,12,1991.0,940.0,2426.0,1859.6666666666667,940.0
West Bengal,Jhargram,2025-12-01,153,2025,12,220.0,61.0,251.0,242.66666666666666,61.0
Rajasthan,Jodhpur,2025-09-01,6441,2025,9,2616.0,1865.0,1914.0,1389.0,1865.0
Rajasthan,Jodhpur,2025-10-01,2142,2025,10,6441.0,3825.0,1960.0,3269.3333333333335,3825.0
Rajasthan,Jodhpur,2025-11-01,3805,2025,11,2142.0,-4299.0,-8124.0,3733.0,-4299.0
Rajasthan,Jodhpur,2025-12-01,2962,2025,12,3805.0,1663.0,5962.0,4129.333333333333,1663.0
Assam,Jorhat,2025-09-01,828,2025,9,1371.0,1315.0,1313.0,493.6666666666667,1315.0
Assam,Jorhat,2025-10-01,687,2025,10,828.0,-543.0,-1858.0,751.6666666666666,-543.0
Assam,Jorhat,2025-11-01,828,2025,11,687.0,-141.0,402.0,962.0,-141.0
Assam,Jorhat,2025-12-01,400,2025,12,828.0,141.0,282.0,781.0,141.0
Gujarat,Junagadh,2025-12-01,1052,2025,12,1449.0,834.0,2208.0,1351.0,834.0
Andhra Pradesh,K.v. Rangareddy,2025-11-01,15,2025,11,4108.0,4086.0,9833.0,3299.6666666666665,4086.0
Telangana,K.v. Rangareddy,2025-11-01,4327,2025,11,15.0,-4093.0,-8179.0,1381.6666666666667,-4093.0
Andhra Pradesh,K.v. Rangareddy,2025-12-01,10,2025,12,4327.0,4312.0,8405.0,2816.6666666666665,4312.0
Telangana,K.v. Rangareddy,2025-12-01,2594,2025,12,10.0,-4317.0,-8629.0,1450.6666666666667,-4317.0
Gujarat,Kachchh,2025-07-01,1929,2025,7,133.0,-17.0,740.0,396.6666666666667,-17.0
Gujarat,Kachchh,2025-09-01,1796,2025,9,1929.0,1796.0,1813.0,737.3333333333334,1796.0
Gujarat,Kachchh,2025-10-01,787,2025,10,1796.0,-133.0,-1929.0,1286.0,-133.0
Gujarat,Kachchh,2025-11-01,1974,2025,11,787.0,-1009.0,-876.0,1504.0,-1009.0
Gujarat,Kachchh,2025-12-01,1349,2025,12,1974.0,1187.0,2196.0,1519.0,1187.0
Bihar,Kaimur (Bhabua),2025-09-01,2125,2025,9,694.0,-17.0,209.0,780.6666666666666,-17.0
Bihar,Kaimur (Bhabua),2025-10-01,1000,2025,10,2125.0,1431.0,1448.0,1176.6666666666667,1431.0
Bihar,Kaimur (Bhabua),2025-11-01,938,2025,11,1000.0,-1125.0,-2556.0,1273.0,-1125.0
Bihar,Kaimur (Bhabua),2025-12-01,860,2025,12,938.0,-62.0,1063.0,1354.3333333333333,-62.0
Haryana,Kaithal,2025-12-01,490,2025,12,663.0,204.0,555.0,644.0,204.0
Karnataka,Kalaburagi,2025-12-01,839,2025,12,1158.0,347.0,854.0,1095.6666666666667,347.0
West Bengal,Kalimpong,2025-11-01,38,2025,11,23.0,-61.0,44.0,98.66666666666667,-61.0
West Bengal,Kalimpong,2025-12-01,92,2025,12,38.0,15.0,76.0,48.333333333333336,15.0
Tamil Nadu,Kallakurichi,2025-12-01,150,2025,12,248.0,82.0,156.0,218.0,82.0
Assam,Kamrup,2025-07-01,3804,2025,7,207.0,-1450.0,-1783.0,1062.6666666666667,-1450.0
Assam,Kamrup,2025-09-01,2500,2025,9,3804.0,3597.0,5047.0,1889.3333333333333,3597.0
Assam,Kamrup,2025-10-01,1428,2025,10,2500.0,-1304.0,-4901.0,2170.3333333333335,-1304.0
Assam,Kamrup,2025-11-01,1368,2025,11,1428.0,-1072.0,232.0,2577.3333333333335,-1072.0
Assam,Kamrup,2025-12-01,1078,2025,12,1368.0,-60.0,1012.0,1765.3333333333333,-60.0
Assam,Kamrup Metro,2025-09-01,1204,2025,9,509.0,335.0,323.0,281.6666666666667,335.0
Assam,Kamrup Metro,2025-10-01,1022,2025,10,1204.0,695.0,360.0,629.0,695.0
Assam,Kamrup Metro,2025-11-01,1397,2025,11,1022.0,-182.0,-877.0,911.6666666666666,-182.0
Assam,Kamrup Metro,2025-12-01,522,2025,12,1397.0,375.0,557.0,1207.6666666666667,375.0
Tamil Nadu,Kancheepuram,2025-10-01,2367,2025,10,4393.0,4042.0,4019.0,1690.6666666666667,4042.0
Tamil Nadu,Kancheepuram,2025-11-01,3501,2025,11,2367.0,-2026.0,-6068.0,2370.3333333333335,-2026.0
Tamil Nadu,Kancheepuram,2025-12-01,2120,2025,12,3501.0,1134.0,3160.0,3420.3333333333335,1134.0
Uttar Pradesh,Kannauj,2025-12-01,847,2025,12,1428.0,529.0,1896.0,1531.0,529.0
Kerala,Kannur,2025-12-01,1049,2025,12,1885.0,639.0,1018.0,1585.3333333333333,639.0
Uttar Pradesh,Kanpur Dehat,2025-11-01,1320,2025,11,780.0,-1307.0,-1483.0,1592.6666666666667,-1307.0
Uttar Pradesh,Kanpur Dehat,2025-12-01,906,2025,12,1320.0,540.0,1847.0,1395.6666666666667,540.0
Uttar Pradesh,Kanpur Nagar,2025-07-01,3320,2025,7,983.0,-763.0,481.0,1906.3333333333333,-763.0
Uttar Pradesh,Kanpur Nagar,2025-09-01,5794,2025,9,3320.0,2337.0,3100.0,2016.3333333333333,2337.0
Uttar Pradesh,Kanpur Nagar,2025-10-01,2659,2025,10,5794.0,2474.0,137.0,3365.6666666666665,2474.0
Uttar Pradesh,Kanpur Nagar,2025-11-01,4182,2025,11,2659.0,-3135.0,-5609.0,3924.3333333333335,-3135.0
Uttar Pradesh,Kanpur Nagar,2025-12-01,2397,2025,12,4182.0,1523.0,4658.0,4211.666666666667,1523.0
Punjab,Kapurthala,2025-09-01,508,2025,9,575.0,258.0,337.0,429.3333333333333,258.0
Punjab,Kapurthala,2025-10-01,300,2025,10,508.0,-67.0,-325.0,466.6666666666667,-67.0
Punjab,Kapurthala,2025-11-01,575,2025,11,300.0,-208.0,-141.0,461.0,-208.0
Punjab,Kapurthala,2025-12-01,338,2025,12,575.0,275.0,483.0,461.0,275.0
Rajasthan,Karauli,2025-11-01,2039,2025,11,1054.0,-1818.0,-3744.0,1624.0,-1818.0
Rajasthan,Karauli,2025-12-01,1139,2025,12,2039.0,985.0,2803.0,1988.3333333333333,985.0
Assam,Karbi Anglong,2025-11-01,1085,2025,11,761.0,-830.0,-263.0,1503.3333333333333,-830.0
Assam,Karbi Anglong,2025-12-01,476,2025,12,1085.0,324.0,1154.0,1145.6666666666667,324.0
Ladakh,Kargil,2025-11-01,131,2025,11,128.0,46.0,63.0,103.0,46.0
Jammu and Kashmir,Kargil,2025-12-01,151,2025,12,131.0,3.0,-43.0,113.66666666666667,3.0
Ladakh,Kargil,2025-12-01,134,2025,12,151.0,20.0,17.0,136.66666666666666,20.0
Assam,Karimganj,2025-09-01,4009,2025,9,3171.0,2544.0,2678.0,1519.6666666666667,2544.0
Assam,Karimganj,2025-10-01,1431,2025,10,4009.0,838.0,-1706.0,2602.3333333333335,838.0
Assam,Karimganj,2025-11-01,2102,2025,11,1431.0,-2578.0,-3416.0,2870.3333333333335,-2578.0
Assam,Karimganj,2025-12-01,1473,2025,12,2102.0,671.0,3249.0,2514.0,671.0
Telangana,Karimnagar,2025-11-01,1304,2025,11,160.0,-1333.0,-2646.0,611.0,-1333.0
Andhra Pradesh,Karimnagar,2025-12-01,85,2025,12,1304.0,1144.0,2477.0,985.6666666666666,1144.0
Telangana,Karimnagar,2025-12-01,756,2025,12,85.0,-1219.0,-2363.0,516.3333333333334,-1219.0
Uttar Pradesh,Kasganj,2025-12-01,813,2025,12,1155.0,502.0,1205.0,1054.6666666666667,502.0
Bihar,Katihar,2025-11-01,3018,2025,11,3299.0,-2062.0,-6438.0,3215.0,-2062.0
Bihar,Katihar,2025-12-01,2589,2025,12,3018.0,-281.0,1781.0,3892.6666666666665,-281.0
Madhya Pradesh,Katni,2025-09-01,2900,2025,9,717.0,424.0,544.0,474.3333333333333,424.0
Madhya Pradesh,Katni,2025-10-01,1857,2025,10,2900.0,2183.0,1759.0,1303.3333333333333,2183.0
Madhya Pradesh,Katni,2025-11-01,2369,2025,11,1857.0,-1043.0,-3226.0,1824.6666666666667,-1043.0
Madhya Pradesh,Katni,2025-12-01,2131,2025,12,2369.0,512.0,1555.0,2375.3333333333335,512.0
Uttar Pradesh,Kaushambi,2025-11-01,1655,2025,11,1079.0,-1067.0,-2100.0,1446.0,-1067.0
Uttar Pradesh,Kaushambi,2025-12-01,1084,2025,12,1655.0,576.0,1643.0,1626.6666666666667,576.0
Telangana,Khammam,2025-11-01,921,2025,11,294.0,-544.0,-1136.0,459.3333333333333,-544.0
Andhra Pradesh,Khammam,2025-12-01,107,2025,12,921.0,627.0,1171.0,684.3333333333334,627.0
Telangana,Khammam,2025-12-01,444,2025,12,107.0,-814.0,-1441.0,440.6666666666667,-814.0
Madhya Pradesh,Khandwa,2025-10-01,528,2025,10,1117.0,286.0,-467.0,675.3333333333334,286.0
Madhya Pradesh,Khandwa,2025-11-01,814,2025,11,528.0,-589.0,-875.0,825.3333333333334,-589.0
Madhya Pradesh,Khandwa,2025-12-01,673,2025,12,814.0,286.0,875.0,819.6666666666666,286.0
Madhya Pradesh,Khargone,2025-09-01,3372,2025,9,4724.0,4198.0,4120.0,1899.3333333333333,4198.0
Madhya Pradesh,Khargone,2025-10-01,1249,2025,10,3372.0,-1352.0,-5550.0,2874.0,-1352.0
Madhya Pradesh,Khargone,2025-11-01,1882,2025,11,1249.0,-2123.0,-771.0,3115.0,-2123.0
Madhya Pradesh,Khargone,2025-12-01,1786,2025,12,1882.0,633.0,2756.0,2167.6666666666665,633.0
Gujarat,Kheda,2025-10-01,737,2025,10,2195.0,1513.0,971.0,1005.6666666666666,1513.0
Gujarat,Kheda,2025-11-01,1978,2025,11,737.0,-1458.0,-2971.0,1204.6666666666667,-1458.0
Gujarat,Kheda,2025-12-01,979,2025,12,1978.0,1241.0,2699.0,1636.6666666666667,1241.0
Uttar Pradesh,Kheri,2025-09-01,6904,2025,9,4629.0,3747.0,4417.0,2354.3333333333335,3747.0
Uttar Pradesh,Kheri,2025-10-01,2954,2025,10,6904.0,2275.0,-1472.0,4138.333333333333,2275.0
Uttar Pradesh,Kheri,2025-11-01,3924,2025,11,2954.0,-3950.0,-6225.0,4829.0,-3950.0
Uttar Pradesh,Kheri,2025-12-01,2327,2025,12,3924.0,970.0,4920.0,4594.0,970.0
Odisha,Khorda,2025-12-01,1029,2025,12,1299.0,269.0,1214.0,1434.6666666666667,269.0
Jharkhand,Khunti,2025-11-01,552,2025,11,418.0,-287.0,-636.0,493.0,-287.0
Jharkhand,Khunti,2025-12-01,302,2025,12,552.0,134.0,421.0,558.3333333333334,134.0
Nagaland,Kiphire,2025-12-01,21,2025,12,154.0,-46.0,-45.0,185.0,-46.0
Nagaland,Kohima,2025-11-01,124,2025,11,184.0,-200.0,-345.0,269.0,-200.0
Nagaland,Kohima,2025-12-01,32,2025,12,124.0,-60.0,140.0,230.66666666666666,-60.0
Assam,Kokrajhar,2025-07-01,576,2025,7,287.0,-231.0,-185.0,456.3333333333333,-231.0
Assam,Kokrajhar,2025-09-01,766,2025,9,576.0,289.0,520.0,460.3333333333333,289.0
Assam,Kokrajhar,2025-10-01,484,2025,10,766.0,190.0,-99.0,543.0,190.0
Assam,Kokrajhar,2025-11-01,572,2025,11,484.0,-282.0,-472.0,608.6666666666666,-282.0
Assam,Kokrajhar,2025-12-01,413,2025,12,572.0,88.0,370.0,607.3333333333334,88.0
Mizoram,Kolasib,2025-12-01,12,2025,12,47.0,-8.0,11.0,58.666666666666664,-8.0
West Bengal,Kolkata,2025-09-01,2868,2025,9,815.0,179.0,46.0,651.3333333333334,179.0
West Bengal,Kolkata,2025-10-01,1661,2025,10,2868.0,2053.0,1874.0,1439.6666666666667,2053.0
West Bengal,Kolkata,2025-11-01,2253,2025,11,1661.0,-1207.0,-3260.0,1781.3333333333333,-1207.0
West Bengal,Kolkata,2025-12-01,1416,2025,12,2253.0,592.0,1799.0,2260.6666666666665,592.0
Kerala,Kollam,2025-12-01,886,2025,12,1491.0,351.0,626.0,1348.6666666666667,351.0
Rajasthan,Kota,2025-12-01,1308,2025,12,2080.0,1014.0,2753.0,1983.6666666666667,1014.0
Himachal Pradesh,Kullu,2025-12-01,198,2025,12,428.0,183.0,147.0,294.0,183.0
Haryana,Kurukshetra,2025-12-01,396,2025,12,669.0,177.0,347.0,607.6666666666666,177.0
Uttar Pradesh,Kushinagar,2025-11-01,2683,2025,11,1620.0,-2299.0,-4648.0,2369.6666666666665,-2299.0
Uttar Pradesh,Kushinagar,2025-12-01,1811,2025,12,2683.0,1063.0,3362.0,2740.6666666666665,1063.0
Assam,Lakhimpur,2025-07-01,911,2025,7,451.0,-296.0,-329.0,637.3333333333334,-296.0
Assam,Lakhimpur,2025-09-01,1773,2025,9,911.0,460.0,756.0,703.0,460.0
Assam,Lakhimpur,2025-10-01,813,2025,10,1773.0,862.0,402.0,1045.0,862.0
Assam,Lakhimpur,2025-11-01,783,2025,11,813.0,-960.0,-1822.0,1165.6666666666667,-960.0
Assam,Lakhimpur,2025-12-01,791,2025,12,783.0,-30.0,930.0,1123.0,-30.0
Bihar,Lakhisarai,2025-11-01,1163,2025,11,546.0,-605.0,-148.0,1101.6666666666667,-605.0
Bihar,Lakhisarai,2025-12-01,777,2025,12,1163.0,617.0,1222.0,953.3333333333334,617.0
Uttar Pradesh,Lalitpur,2025-12-01,842,2025,12,1350.0,734.0,1769.0,1205.6666666666667,734.0
Maharashtra,Latur,2025-10-01,1062,2025,10,2444.0,1625.0,1351.0,1269.3333333333333,1625.0
Maharashtra,Latur,2025-11-01,1414,2025,11,1062.0,-1382.0,-3007.0,1441.6666666666667,-1382.0
Maharashtra,Latur,2025-12-01,884,2025,12,1414.0,352.0,1734.0,1640.0,352.0
Mizoram,Lawngtlai,2025-10-01,95,2025,10,254.0,-76.0,-233.0,252.33333333333334,-76.0
Mizoram,Lawngtlai,2025-11-01,174,2025,11,95.0,-159.0,-83.0,226.33333333333334,-159.0
Mizoram,Lawngtlai,2025-12-01,219,2025,12,174.0,79.0,238.0,174.33333333333334,79.0
Ladakh,Leh,2025-11-01,42,2025,11,55.0,26.0,63.0,50.0,26.0
Jammu and Kashmir,Leh,2025-12-01,33,2025,12,42.0,-13.0,-39.0,42.0,-13.0
Ladakh,Leh,2025-12-01,24,2025,12,33.0,-9.0,4.0,43.333333333333336,-9.0
Jharkhand,Lohardaga,2025-11-01,546,2025,11,327.0,-339.0,-645.0,451.0,-339.0
Jharkhand,Lohardaga,2025-12-01,642,2025,12,546.0,219.0,558.0,513.0,219.0
Arunachal Pradesh,Longding,2025-12-01,10,2025,12,72.0,7.0,272.0,155.66666666666666,7.0
Nagaland,Longleng,2025-11-01,30,2025,11,21.0,-85.0,160.0,159.33333333333334,-85.0
Nagaland,Longleng,2025-12-01,9,2025,12,30.0,9.0,94.0,52.333333333333336,9.0
Uttar Pradesh,Lucknow,2025-07-01,2750,2025,7,223.0,-993.0,404.0,1350.6666666666667,-993.0
Uttar Pradesh,Lucknow,2025-09-01,6499,2025,9,2750.0,2527.0,3520.0,1396.3333333333333,2527.0
Uttar Pradesh,Lucknow,2025-10-01,3932,2025,10,6499.0,3749.0,1222.0,3157.3333333333335,3749.0
Uttar Pradesh,Lucknow,2025-11-01,4613,2025,11,3932.0,-2567.0,-6316.0,4393.666666666667,-2567.0
Uttar Pradesh,Lucknow,2025-12-01,3031,2025,12,4613.0,681.0,3248.0,5014.666666666667,681.0
Punjab,Ludhiana,2025-07-01,3366,2025,7,1830.0,447.0,1823.0,1990.6666666666667,447.0
Punjab,Ludhiana,2025-09-01,3158,2025,9,3366.0,1536.0,1089.0,2193.0,1536.0
Punjab,Ludhiana,2025-10-01,1506,2025,10,3158.0,-208.0,-1744.0,2784.6666666666665,-208.0
Punjab,Ludhiana,2025-11-01,2140,2025,11,1506.0,-1652.0,-1444.0,2676.6666666666665,-1652.0
Punjab,Ludhiana,2025-12-01,1184,2025,12,2140.0,634.0,2286.0,2268.0,634.0
Mizoram,Lunglei,2025-11-01,156,2025,11,93.0,-6.0,30.0,109.0,-6.0
Mizoram,Lunglei,2025-12-01,34,2025,12,156.0,63.0,69.0,116.0,63.0
Bihar,Madhubani,2025-07-01,2141,2025,7,2425.0,454.0,-584.0,1776.3333333333333,454.0
Bihar,Madhubani,2025-09-01,5101,2025,9,2141.0,-284.0,-738.0,2179.0,-284.0
Bihar,Madhubani,2025-10-01,4475,2025,10,5101.0,2960.0,3244.0,3222.3333333333335,2960.0
Bihar,Madhubani,2025-11-01,4372,2025,11,4475.0,-626.0,-3586.0,3905.6666666666665,-626.0
Bihar,Madhubani,2025-12-01,3642,2025,12,4372.0,-103.0,523.0,4649.333333333333,-103.0
Tamil Nadu,Madurai,2025-11-01,2573,2025,11,1741.0,-2136.0,-5925.0,1902.0,-2136.0
Tamil Nadu,Madurai,2025-12-01,1304,2025,12,2573.0,832.0,2968.0,2730.3333333333335,832.0
Telangana,Mahabubnagar,2025-11-01,2260,2025,11,502.0,-1954.0,-3887.0,1160.3333333333333,-1954.0
Andhra Pradesh,Mahabubnagar,2025-12-01,199,2025,12,2260.0,1758.0,3712.0,1739.3333333333333,1758.0
Telangana,Mahabubnagar,2025-12-01,1151,2025,12,199.0,-2061.0,-3819.0,987.0,-2061.0
Uttar Pradesh,Maharajganj,2025-07-01,4209,2025,7,488.0,-843.0,-245.0,1249.3333333333333,-843.0
Uttar Pradesh,Maharajganj,2025-09-01,3835,2025,9,4209.0,3721.0,4564.0,2009.3333333333333,3721.0
Uttar Pradesh,Maharajganj,2025-10-01,1710,2025,10,3835.0,-374.0,-4095.0,2844.0,-374.0
Uttar Pradesh,Maharajganj,2025-11-01,2384,2025,11,1710.0,-2125.0,-1751.0,3251.3333333333335,-2125.0
Uttar Pradesh,Maharajganj,2025-12-01,1566,2025,12,2384.0,674.0,2799.0,2643.0,674.0
Gujarat,Mahesana,2025-10-01,510,2025,10,1510.0,353.0,-587.0,961.3333333333334,353.0
Gujarat,Mahesana,2025-11-01,1398,2025,11,510.0,-1000.0,-1353.0,1059.0,-1000.0
Gujarat,Mahesana,2025-12-01,968,2025,12,1398.0,888.0,1888.0,1139.3333333333333,888.0
Gujarat,Mahisagar,2025-10-01,226,2025,10,649.0,85.0,-318.0,458.0,85.0
Gujarat,Mahisagar,2025-11-01,438,2025,11,226.0,-423.0,-508.0,479.6666666666667,-423.0
Gujarat,Mahisagar,2025-12-01,330,2025,12,438.0,212.0,635.0,437.6666666666667,212.0
Uttar Pradesh,Mainpuri,2025-10-01,1292,2025,10,3117.0,754.0,-826.0,2087.6666666666665,754.0
Uttar Pradesh,Mainpuri,2025-11-01,1873,2025,11,1292.0,-1825.0,-2579.0,2257.3333333333335,-1825.0
Uttar Pradesh,Mainpuri,2025-12-01,1365,2025,12,1873.0,581.0,2406.0,2094.0,581.0
Assam,Majuli,2025-12-01,52,2025,12,32.0,-20.0,93.0,83.0,-20.0
Kerala,Malappuram,2025-12-01,3227,2025,12,4332.0,1273.0,1799.0,3658.6666666666665,1273.0
West Bengal,Malda,2025-11-01,3441,2025,11,3922.0,-2536.0,-8742.0,3544.0,-2536.0
West Bengal,Malda,2025-12-01,2827,2025,12,3441.0,-481.0,2055.0,4607.0,-481.0
Assam,Marigaon,2025-07-01,2506,2025,7,780.0,402.0,1117.0,750.3333333333334,402.0
Assam,Marigaon,2025-09-01,2205,2025,9,2506.0,1726.0,1324.0,1221.3333333333333,1726.0
Assam,Marigaon,2025-10-01,871,2025,10,2205.0,-301.0,-2027.0,1830.3333333333333,-301.0
Assam,Marigaon,2025-11-01,965,2025,11,871.0,-1334.0,-1033.0,1860.6666666666667,-1334.0
Assam,Marigaon,2025-12-01,938,2025,12,965.0,94.0,1428.0,1347.0,94.0
Uttar Pradesh,Mathura,2025-10-01,1738,2025,10,3454.0,3160.0,4255.0,1712.3333333333333,3160.0
Uttar Pradesh,Mathura,2025-11-01,2709,2025,11,1738.0,-1716.0,-4876.0,1828.6666666666667,-1716.0
Uttar Pradesh,Mathura,2025-12-01,1778,2025,12,2709.0,971.0,2687.0,2633.6666666666665,971.0
Telangana,Medak,2025-11-01,1787,2025,11,347.0,-1638.0,-3298.0,885.6666666666666,-1638.0
Andhra Pradesh,Medak,2025-12-01,154,2025,12,1787.0,1440.0,3078.0,1373.0,1440.0
Telangana,Medak,2025-12-01,834,2025,12,154.0,-1633.0,-3073.0,762.6666666666666,-1633.0
Telangana,Medchal-malkajgiri,2025-10-01,1127,2025,10,1373.0,967.0,859.0,692.3333333333334,967.0
Telangana,Medchal-malkajgiri,2025-11-01,1186,2025,11,1127.0,-246.0,-1213.0,968.6666666666666,-246.0
Telangana,Medchal-malkajgiri,2025-12-01,727,2025,12,1186.0,59.0,305.0,1228.6666666666667,59.0
Uttar Pradesh,Meerut,2025-09-01,4999,2025,9,4184.0,3927.0,6517.0,2429.3333333333335,3927.0
Uttar Pradesh,Meerut,2025-10-01,2936,2025,10,4999.0,815.0,-3112.0,3146.6666666666665,815.0
Uttar Pradesh,Meerut,2025-11-01,4172,2025,11,2936.0,-2063.0,-2878.0,4039.6666666666665,-2063.0
Uttar Pradesh,Meerut,2025-12-01,2158,2025,12,4172.0,1236.0,3299.0,4035.6666666666665,1236.0
Haryana,Mewat,2025-12-01,1384,2025,12,1779.0,408.0,438.0,1517.0,408.0
Nagaland,Mokokchung,2025-12-01,19,2025,12,47.0,-21.0,43.0,82.33333333333333,-21.0
Nagaland,Mon,2025-11-01,225,2025,11,363.0,-22.0,596.0,583.6666666666666,-22.0
Nagaland,Mon,2025-12-01,51,2025,12,225.0,-138.0,-116.0,324.3333333333333,-138.0
Uttar Pradesh,Moradabad,2025-09-01,3614,2025,9,4051.0,2225.0,2944.0,2807.3333333333335,2225.0
Uttar Pradesh,Moradabad,2025-10-01,2191,2025,10,3614.0,-437.0,-2662.0,3163.6666666666665,-437.0
Uttar Pradesh,Moradabad,2025-11-01,3479,2025,11,2191.0,-1423.0,-986.0,3285.3333333333335,-1423.0
Uttar Pradesh,Moradabad,2025-12-01,1686,2025,12,3479.0,1288.0,2711.0,3094.6666666666665,1288.0
Gujarat,Morbi,2025-07-01,2829,2025,7,1169.0,646.0,1294.0,954.3333333333334,646.0
Gujarat,Morbi,2025-09-01,828,2025,9,2829.0,1660.0,1014.0,1507.0,1660.0
Gujarat,Morbi,2025-10-01,343,2025,10,828.0,-2001.0,-3661.0,1608.6666666666667,-2001.0
Gujarat,Morbi,2025-11-01,622,2025,11,343.0,-485.0,1516.0,1333.3333333333333,-485.0
Gujarat,Morbi,2025-12-01,394,2025,12,622.0,279.0,764.0,597.6666666666666,279.0
Madhya Pradesh,Morena,2025-09-01,3608,2025,9,6073.0,3804.0,2601.0,3136.0,3804.0
Madhya Pradesh,Morena,2025-10-01,1594,2025,10,3608.0,-2465.0,-6269.0,3983.3333333333335,-2465.0
Madhya Pradesh,Morena,2025-11-01,3311,2025,11,1594.0,-2014.0,451.0,3758.3333333333335,-2014.0
Madhya Pradesh,Morena,2025-12-01,2779,2025,12,3311.0,1717.0,3731.0,2837.6666666666665,1717.0
Maharashtra,Mumbai,2025-12-01,2419,2025,12,4126.0,1565.0,3269.0,3650.6666666666665,1565.0
Maharashtra,Mumbai Suburban,2025-10-01,1937,2025,10,3278.0,-2293.0,-6295.0,3472.6666666666665,-2293.0
Maharashtra,Mumbai Suburban,2025-11-01,3395,2025,11,1937.0,-1341.0,952.0,3595.3333333333335,-1341.0
Maharashtra,Mumbai Suburban,2025-12-01,2100,2025,12,3395.0,1458.0,2799.0,2870.0,1458.0
Bihar,Munger,2025-10-01,836,2025,10,1615.0,916.0,623.0,906.6666666666666,916.0
Bihar,Munger,2025-11-01,993,2025,11,836.0,-779.0,-1695.0,1050.0,-779.0
Bihar,Munger,2025-12-01,876,2025,12,993.0,157.0,936.0,1148.0,157.0
Uttar Pradesh,Muzaffarnagar,2025-11-01,2777,2025,11,2018.0,-975.0,-2307.0,2224.0,-975.0
Uttar Pradesh,Muzaffarnagar,2025-12-01,1297,2025,12,2777.0,759.0,1734.0,2596.0,759.0
Bihar,Muzaffarpur,2025-07-01,2149,2025,7,3782.0,-584.0,-2861.0,3412.3333333333335,-584.0
Bihar,Muzaffarpur,2025-09-01,5444,2025,9,2149.0,-1633.0,-1049.0,3432.3333333333335,-1633.0
Bihar,Muzaffarpur,2025-10-01,3248,2025,10,5444.0,3295.0,4928.0,3791.6666666666665,3295.0
Bihar,Muzaffarpur,2025-11-01,3993,2025,11,3248.0,-2196.0,-5491.0,3613.6666666666665,-2196.0
Bihar,Muzaffarpur,2025-12-01,3153,2025,12,3993.0,745.0,2941.0,4228.333333333333,745.0
Karnataka,Mysuru,2025-11-01,800,2025,11,709.0,-371.0,-884.0,785.3333333333334,-371.0
Karnataka,Mysuru,2025-12-01,660,2025,12,800.0,91.0,462.0,863.0,91.0
Odisha,Nabarangapur,2025-11-01,905,2025,11,1258.0,-1768.0,-4352.0,1575.3333333333333,-1768.0
Odisha,Nabarangapur,2025-12-01,702,2025,12,905.0,-353.0,1415.0,1729.6666666666667,-353.0
West Bengal,Nadia,2025-09-01,5137,2025,9,2055.0,1527.0,1635.0,1073.0,1527.0
West Bengal,Nadia,2025-10-01,3156,2025,10,5137.0,3082.0,1555.0,2573.3333333333335,3082.0
West Bengal,Nadia,2025-11-01,3518,2025,11,3156.0,-1981.0,-5063.0,3449.3333333333335,-1981.0
West Bengal,Nadia,2025-12-01,2257,2025,12,3518.0,362.0,2343.0,3937.0,362.0
Assam,Nagaon,2025-09-01,4246,2025,9,2420.0,2264.0,2884.0,1117.3333333333333,2264.0
Assam,Nagaon,2025-10-01,1730,2025,10,4246.0,1826.0,-438.0,2274.0,1826.0
Assam,Nagaon,2025-11-01,1790,2025,11,1730.0,-2516.0,-4342.0,2798.6666666666665,-2516.0
Assam,Nagaon,2025-12-01,1415,2025,12,1790.0,60.0,2576.0,2588.6666666666665,60.0
Rajasthan,Nagaur,2025-10-01,1914,2025,10,6227.0,4676.0,4052.0,2901.6666666666665,4676.0
Rajasthan,Nagaur,2025-11-01,3241,2025,11,1914.0,-4313.0,-8989.0,3230.6666666666665,-4313.0
Rajasthan,Nagaur,2025-12-01,2210,2025,12,3241.0,1327.0,5640.0,3794.0,1327.0
Maharashtra,Nagpur,2025-10-01,1652,2025,10,3561.0,2395.0,1522.0,1673.3333333333333,2395.0
Maharashtra,Nagpur,2025-11-01,2732,2025,11,1652.0,-1909.0,-4304.0,2126.3333333333335,-1909.0
Maharashtra,Nagpur,2025-12-01,1689,2025,12,2732.0,1080.0,2989.0,2648.3333333333335,1080.0
Uttarakhand,Nainital,2025-11-01,918,2025,11,763.0,-266.0,-693.0,798.0,-266.0
Uttarakhand,Nainital,2025-12-01,460,2025,12,918.0,155.0,421.0,903.3333333333334,155.0
Bihar,Nalanda,2025-11-01,2415,2025,11,2419.0,-1268.0,-2897.0,2721.3333333333335,-1268.0
Bihar,Nalanda,2025-12-01,2037,2025,12,2415.0,-4.0,1264.0,2840.3333333333335,-4.0
Assam,Nalbari,2025-11-01,720,2025,11,780.0,-586.0,-1706.0,797.3333333333334,-586.0
Assam,Nalbari,2025-12-01,443,2025,12,720.0,-60.0,526.0,955.3333333333334,-60.0
Telangana,Nalgonda,2025-11-01,1650,2025,11,273.0,-1363.0,-2731.0,725.6666666666666,-1363.0
Andhra Pradesh,Nalgonda,2025-12-01,112,2025,12,1650.0,1377.0,2740.0,1186.3333333333333,1377.0
Telangana,Nalgonda,2025-12-01,733,2025,12,112.0,-1538.0,-2915.0,678.3333333333334,-1538.0
Maharashtra,Nanded,2025-09-01,3707,2025,9,1803.0,1219.0,1137.0,963.0,1219.0
Maharashtra,Nanded,2025-10-01,1459,2025,10,3707.0,1904.0,685.0,2031.3333333333333,1904.0
Maharashtra,Nanded,2025-11-01,1577,2025,11,1459.0,-2248.0,-4152.0,2323.0,-2248.0
Maharashtra,Nanded,2025-12-01,1528,2025,12,1577.0,118.0,2366.0,2247.6666666666665,118.0
Maharashtra,Nandurbar,2025-10-01,1348,2025,10,3023.0,-77.0,-2771.0,2176.3333333333335,-77.0
Maharashtra,Nandurbar,2025-11-01,1559,2025,11,1348.0,-1675.0,-1598.0,2490.3333333333335,-1675.0
Maharashtra,Nandurbar,2025-12-01,859,2025,12,1559.0,211.0,1886.0,1976.6666666666667,211.0
Madhya Pradesh,Narsinghpur,2025-12-01,874,2025,12,1150.0,557.0,1961.0,1246.6666666666667,557.0
Maharashtra,Nashik,2025-11-01,4423,2025,11,2717.0,-4349.0,-6800.0,4799.333333333333,-4349.0
Maharashtra,Nashik,2025-12-01,3042,2025,12,4423.0,1706.0,6055.0,4735.333333333333,1706.0
Gujarat,Navsari,2025-10-01,248,2025,10,801.0,544.0,445.0,405.3333333333333,544.0
Gujarat,Navsari,2025-11-01,744,2025,11,248.0,-553.0,-1097.0,435.3333333333333,-553.0
Gujarat,Navsari,2025-12-01,322,2025,12,744.0,496.0,1049.0,597.6666666666666,496.0
Bihar,Nawada,2025-12-01,1859,2025,12,2135.0,-791.0,739.0,3172.3333333333335,-791.0
Delhi,New Delhi,2025-11-01,52,2025,11,27.0,-33.0,998.0,392.6666666666667,-33.0
Delhi,New Delhi,2025-12-01,35,2025,12,52.0,25.0,58.0,46.333333333333336,25.0
Telangana,Nizamabad,2025-11-01,1484,2025,11,121.0,-1548.0,-3080.0,642.3333333333334,-1548.0
Andhra Pradesh,Nizamabad,2025-12-01,45,2025,12,1484.0,1363.0,2911.0,1091.3333333333333,1363.0
Telangana,Nizamabad,2025-12-01,769,2025,12,45.0,-1439.0,-2802.0,550.0,-1439.0
Nagaland,Noklak,2025-12-01,24,2025,12,93.0,23.0,-20.0,63.333333333333336,23.0
West Bengal,North 24 Parganas,2025-11-01,15171,2025,11,15085.0,-5016.0,-24391.0,11970.666666666666,-5016.0
West Bengal,North 24 Parganas,2025-12-01,9997,2025,12,15171.0,86.0,5102.0,16785.666666666668,86.0
Assam,North Cachar Hills,2025-11-01,162,2025,11,146.0,-34.0,-137.0,134.33333333333334,-34.0
Assam,North Cachar Hills,2025-12-01,70,2025,12,162.0,16.0,50.0,162.66666666666666,16.0
Delhi,North Delhi,2025-11-01,842,2025,11,488.0,-404.0,-395.0,760.3333333333334,-404.0
Delhi,North Delhi,2025-12-01,573,2025,12,842.0,354.0,758.0,740.6666666666666,354.0
Delhi,North East Delhi,2025-07-01,5653,2025,7,2375.0,1731.0,2393.0,1441.6666666666667,1731.0
Delhi,North East Delhi,2025-09-01,5989,2025,9,5653.0,3278.0,1547.0,2890.6666666666665,3278.0
Delhi,North East Delhi,2025-10-01,3233,2025,10,5989.0,336.0,-2942.0,4672.333333333333,336.0
Delhi,North East Delhi,2025-11-01,4769,2025,11,3233.0,-2756.0,-3092.0,4958.333333333333,-2756.0
Delhi,North East Delhi,2025-12-01,3390,2025,12,4769.0,1536.0,4292.0,4663.666666666667,1536.0
Goa,North Goa,2025-12-01,180,2025,12,343.0,102.0,375.0,366.0,102.0
Maharashtra,Osmanabad,2025-12-01,685,2025,12,838.0,169.0,803.0,936.6666666666666,169.0
Jharkhand,Pakur,2025-10-01,359,2025,10,1844.0,-184.0,-1105.0,1659.6666666666667,-184.0
Jharkhand,Pakur,2025-11-01,589,2025,11,359.0,-1485.0,-1301.0,1410.3333333333333,-1485.0
Jharkhand,Pakur,2025-12-01,253,2025,12,589.0,230.0,1715.0,930.6666666666666,230.0
Maharashtra,Palghar,2025-09-01,2996,2025,9,1217.0,703.0,520.0,687.3333333333334,703.0
Maharashtra,Palghar,2025-10-01,1476,2025,10,2996.0,1779.0,1076.0,1575.6666666666667,1779.0
Maharashtra,Palghar,2025-11-01,2283,2025,11,1476.0,-1520.0,-3299.0,1896.3333333333333,-1520.0
Maharashtra,Palghar,2025-12-01,1442,2025,12,2283.0,807.0,2327.0,2251.6666666666665,807.0
Rajasthan,Pali,2025-12-01,1370,2025,12,2234.0,986.0,3605.0,2449.6666666666665,986.0
Gujarat,Panchmahals,2025-10-01,752,2025,10,1898.0,575.0,-293.0,1225.3333333333333,575.0
Gujarat,Panchmahals,2025-11-01,1386,2025,11,752.0,-1146.0,-1721.0,1324.3333333333333,-1146.0
Gujarat,Panchmahals,2025-12-01,810,2025,12,1386.0,634.0,1780.0,1345.3333333333333,634.0
Haryana,Panipat,2025-11-01,1047,2025,11,727.0,-463.0,-130.0,1146.6666666666667,-463.0
Haryana,Panipat,2025-12-01,647,2025,12,1047.0,320.0,783.0,988.0,320.0
Madhya Pradesh,Panna,2025-10-01,1579,2025,10,3647.0,3160.0,2897.0,1452.6666666666667,3160.0
Madhya Pradesh,Panna,2025-11-01,1941,2025,11,1579.0,-2068.0,-5228.0,1904.3333333333333,-2068.0
Madhya Pradesh,Panna,2025-12-01,1263,2025,12,1941.0,362.0,2430.0,2389.0,362.0
Maharashtra,Parbhani,2025-10-01,1117,2025,10,1926.0,1379.0,993.0,878.0,1379.0
Maharashtra,Parbhani,2025-11-01,1482,2025,11,1117.0,-809.0,-2188.0,1196.6666666666667,-809.0
Maharashtra,Parbhani,2025-12-01,858,2025,12,1482.0,365.0,1174.0,1508.3333333333333,365.0
Bihar,Pashchim Champaran,2025-10-01,9,2025,10,33.0,-9609.0,-12744.0,5394.0,-9609.0
Bihar,Pashchim Champaran,2025-11-01,18,2025,11,9.0,-24.0,9585.0,3228.0,-24.0
Bihar,Pashchim Champaran,2025-12-01,23,2025,12,18.0,9.0,33.0,20.0,9.0
Gujarat,Patan,2025-07-01,3151,2025,7,298.0,-5.0,890.0,599.6666666666666,-5.0
Gujarat,Patan,2025-09-01,1651,2025,9,3151.0,2853.0,2858.0,1250.6666666666667,2853.0
Gujarat,Patan,2025-10-01,429,2025,10,1651.0,-1500.0,-4353.0,1700.0,-1500.0
Gujarat,Patan,2025-11-01,1070,2025,11,429.0,-1222.0,278.0,1743.6666666666667,-1222.0
Gujarat,Patan,2025-12-01,576,2025,12,1070.0,641.0,1863.0,1050.0,641.0
Punjab,Patiala,2025-11-01,790,2025,11,682.0,-765.0,-1191.0,1050.0,-765.0
Punjab,Patiala,2025-12-01,543,2025,12,790.0,108.0,873.0,973.0,108.0
Bihar,Patna,2025-07-01,2110,2025,7,1367.0,893.0,3818.0,1746.6666666666667,893.0
Bihar,Patna,2025-09-01,6425,2025,9,2110.0,743.0,-150.0,1317.0,743.0
Bihar,Patna,2025-10-01,3077,2025,10,6425.0,4315.0,3572.0,3300.6666666666665,4315.0
Bihar,Patna,2025-11-01,3634,2025,11,3077.0,-3348.0,-7663.0,3870.6666666666665,-3348.0
Bihar,Patna,2025-12-01,3495,2025,12,3634.0,557.0,3905.0,4378.666666666667,557.0
Nagaland,Peren,2025-09-01,149,2025,9,159.0,-29.0,65.0,209.66666666666666,-29.0
Nagaland,Peren,2025-10-01,86,2025,10,149.0,-10.0,19.0,165.33333333333334,-10.0
Nagaland,Peren,2025-11-01,37,2025,11,86.0,-63.0,-53.0,131.33333333333334,-63.0
Nagaland,Peren,2025-12-01,6,2025,12,37.0,-49.0,14.0,90.66666666666667,-49.0
Nagaland,Phek,2025-12-01,9,2025,12,161.0,-28.0,15.0,194.0,-28.0
Uttar Pradesh,Pilibhit,2025-09-01,2305,2025,9,2766.0,1087.0,1436.0,2157.6666666666665,1087.0
Uttar Pradesh,Pilibhit,2025-10-01,1063,2025,10,2305.0,-461.0,-1548.0,2250.0,-461.0
Uttar Pradesh,Pilibhit,2025-11-01,1665,2025,11,1063.0,-1242.0,-781.0,2044.6666666666667,-1242.0
Uttar Pradesh,Pilibhit,2025-12-01,1039,2025,12,1665.0,602.0,1844.0,1677.6666666666667,602.0
Gujarat,Porbandar,2025-10-01,186,2025,10,497.0,-98.0,-416.0,456.3333333333333,-98.0
Gujarat,Porbandar,2025-11-01,342,2025,11,186.0,-311.0,-213.0,426.0,-311.0
Gujarat,Porbandar,2025-12-01,242,2025,12,342.0,156.0,467.0,341.6666666666667,156.0
Andhra Pradesh,Prakasam,2025-12-01,1286,2025,12,1822.0,466.0,1799.0,1955.6666666666667,466.0
Uttar Pradesh,Pratapgarh,2025-11-01,2304,2025,11,875.0,-1311.0,-3085.0,1157.6666666666667,-1311.0
Rajasthan,Pratapgarh,2025-12-01,661,2025,12,2304.0,1429.0,2740.0,1788.3333333333333,1429.0
Uttar Pradesh,Pratapgarh,2025-12-01,1543,2025,12,661.0,-1643.0,-3072.0,1280.0,-1643.0
Uttar Pradesh,Prayagraj,2025-11-01,451,2025,11,396.0,-187.0,296.0,681.6666666666666,-187.0
Uttar Pradesh,Prayagraj,2025-12-01,261,2025,12,451.0,55.0,242.0,476.6666666666667,55.0
Tamil Nadu,Pudukkottai,2025-12-01,1073,2025,12,1900.0,730.0,2144.0,1884.6666666666667,730.0
Jammu and Kashmir,Punch,2025-12-01,691,2025,12,652.0,140.0,122.0,552.6666666666666,140.0
Maharashtra,Pune,2025-09-01,7877,2025,9,5488.0,5252.0,5502.0,2070.0,5252.0
Maharashtra,Pune,2025-10-01,4725,2025,10,7877.0,2389.0,-2863.0,4533.666666666667,2389.0
Maharashtra,Pune,2025-11-01,7292,2025,11,4725.0,-3152.0,-5541.0,6030.0,-3152.0
Maharashtra,Pune,2025-12-01,4975,2025,12,7292.0,2567.0,5719.0,6631.333333333333,2567.0
West Bengal,Purba Bardhaman,2025-12-01,478,2025,12,773.0,171.0,646.0,817.3333333333334,171.0
Bihar,Purba Champaran,2025-10-01,26,2025,10,46.0,-8291.0,-10430.0,4860.333333333333,-8291.0
Bihar,Purba Champaran,2025-11-01,29,2025,11,26.0,-20.0,8271.0,2803.0,-20.0
Bihar,Purba Champaran,2025-12-01,20,2025,12,29.0,3.0,23.0,33.666666666666664,3.0
Bihar,Purnia,2025-10-01,4247,2025,10,5375.0,3451.0,2945.0,2905.6666666666665,3451.0
Bihar,Purnia,2025-11-01,2619,2025,11,4247.0,-1128.0,-4579.0,3848.6666666666665,-1128.0
Bihar,Purnia,2025-12-01,3196,2025,12,2619.0,-1628.0,-500.0,4080.3333333333335,-1628.0
Karnataka,Raichur,2025-12-01,2093,2025,12,2274.0,355.0,1289.0,2348.6666666666665,355.0
Maharashtra,Raigad,2025-11-01,527,2025,11,353.0,-291.0,231.0,721.0,-291.0
Maharashtra,Raigad,2025-12-01,355,2025,12,527.0,174.0,465.0,508.0,174.0
Uttar Pradesh,Raigarh,2025-07-01,6408,2025,7,2635.0,-191.0,-1250.0,2409.3333333333335,-191.0
Chhattisgarh,Raigarh,2025-09-01,1451,2025,9,6408.0,3773.0,3964.0,3956.3333333333335,3773.0
Uttar Pradesh,Raigarh,2025-09-01,4355,2025,9,1451.0,-4957.0,-8730.0,3498.0,-4957.0
Chhattisgarh,Raigarh,2025-10-01,621,2025,10,4355.0,2904.0,7861.0,4071.3333333333335,2904.0
Jharkhand,Raigarh,2025-10-01,613,2025,10,621.0,-3734.0,-6638.0,2142.3333333333335,-3734.0
Madhya Pradesh,Raigarh,2025-10-01,850,2025,10,613.0,-8.0,3726.0,1863.0,-8.0
Maharashtra,Raigarh,2025-10-01,958,2025,10,850.0,237.0,245.0,694.6666666666666,237.0
Uttar Pradesh,Raigarh,2025-10-01,2049,2025,10,958.0,108.0,-129.0,807.0,108.0
Chhattisgarh,Raigarh,2025-11-01,750,2025,11,2049.0,1091.0,983.0,1285.6666666666667,1091.0
Jharkhand,Raigarh,2025-11-01,838,2025,11,750.0,-1299.0,-2390.0,1252.3333333333333,-1299.0
Madhya Pradesh,Raigarh,2025-11-01,1831,2025,11,838.0,88.0,1387.0,1212.3333333333333,88.0
Maharashtra,Raigarh,2025-11-01,1340,2025,11,1831.0,993.0,905.0,1139.6666666666667,993.0
Uttar Pradesh,Raigarh,2025-11-01,2918,2025,11,1340.0,-491.0,-1484.0,1336.3333333333333,-491.0
Chhattisgarh,Raigarh,2025-12-01,507,2025,12,2918.0,1578.0,2069.0,2029.6666666666667,1578.0
Jharkhand,Raigarh,2025-12-01,451,2025,12,507.0,-2411.0,-3989.0,1588.3333333333333,-2411.0
Madhya Pradesh,Raigarh,2025-12-01,2901,2025,12,451.0,-56.0,2355.0,1292.0,-56.0
Maharashtra,Raigarh,2025-12-01,951,2025,12,2901.0,2450.0,2506.0,1286.3333333333333,2450.0
Uttar Pradesh,Raigarh,2025-12-01,2270,2025,12,951.0,-1950.0,-4400.0,1434.3333333333333,-1950.0
Chhattisgarh,Raipur,2025-11-01,2150,2025,11,1234.0,-852.0,-2616.0,1214.0,-852.0
Chhattisgarh,Raipur,2025-12-01,928,2025,12,2150.0,916.0,1768.0,1823.3333333333333,916.0
Madhya Pradesh,Raisen,2025-12-01,1620,2025,12,1394.0,304.0,2065.0,1778.3333333333333,304.0
Gujarat,Rajkot,2025-09-01,2926,2025,9,4204.0,3880.0,5464.0,2145.3333333333335,3880.0
Gujarat,Rajkot,2025-10-01,1214,2025,10,2926.0,-1278.0,-5158.0,2484.6666666666665,-1278.0
Gujarat,Rajkot,2025-11-01,2696,2025,11,1214.0,-1712.0,-434.0,2781.3333333333335,-1712.0
Gujarat,Rajkot,2025-12-01,1538,2025,12,2696.0,1482.0,3194.0,2278.6666666666665,1482.0
Karnataka,Ramanagar,2025-12-01,474,2025,12,685.0,140.0,804.0,813.0,140.0
Tamil Nadu,Ramanathapuram,2025-12-01,627,2025,12,1119.0,376.0,891.0,1040.0,376.0
Uttar Pradesh,Rampur,2025-09-01,3015,2025,9,6154.0,4688.0,5253.0,3217.0,4688.0
Uttar Pradesh,Rampur,2025-10-01,1913,2025,10,3015.0,-3139.0,-7827.0,3545.0,-3139.0
Uttar Pradesh,Rampur,2025-11-01,2549,2025,11,1913.0,-1102.0,2037.0,3694.0,-1102.0
Uttar Pradesh,Rampur,2025-12-01,1573,2025,12,2549.0,636.0,1738.0,2492.3333333333335,636.0
Jharkhand,Ranchi,2025-10-01,2015,2025,10,3041.0,1446.0,417.0,1734.0,1446.0
Jharkhand,Ranchi,2025-11-01,4265,2025,11,2015.0,-1026.0,-2472.0,2217.0,-1026.0
Jharkhand,Ranchi,2025-12-01,1300,2025,12,4265.0,2250.0,3276.0,3107.0,2250.0
Andhra Pradesh,Rangareddi,2025-11-01,479,2025,11,66.0,-379.0,-728.0,202.33333333333334,-379.0
Telangana,Rangareddi,2025-11-01,72,2025,11,479.0,413.0,792.0,330.0,413.0
Andhra Pradesh,Rangareddi,2025-12-01,275,2025,12,72.0,-407.0,-820.0,205.66666666666666,-407.0
Telangana,Rangareddi,2025-12-01,60,2025,12,275.0,203.0,610.0,275.3333333333333,203.0
Meghalaya,Ri Bhoi,2025-07-01,2424,2025,7,783.0,-826.0,-102.0,1575.0,-826.0
Meghalaya,Ri Bhoi,2025-09-01,804,2025,9,2424.0,1641.0,2467.0,1605.3333333333333,1641.0
Meghalaya,Ri Bhoi,2025-10-01,445,2025,10,804.0,-1620.0,-3261.0,1337.0,-1620.0
Meghalaya,Ri Bhoi,2025-11-01,651,2025,11,445.0,-359.0,1261.0,1224.3333333333333,-359.0
Meghalaya,Ri Bhoi,2025-12-01,149,2025,12,651.0,206.0,565.0,633.3333333333334,206.0
Haryana,Rohtak,2025-12-01,527,2025,12,808.0,201.0,471.0,764.0,201.0
Punjab,SAS Nagar (Mohali),2025-12-01,465,2025,12,783.0,259.0,852.0,808.0,259.0
Gujarat,Sabarkantha,2025-10-01,521,2025,10,1906.0,-371.0,-2506.0,1441.6666666666667,-371.0
Gujarat,Sabarkantha,2025-11-01,1029,2025,11,521.0,-1385.0,-1014.0,1568.0,-1385.0
Gujarat,Sabarkantha,2025-12-01,869,2025,12,1029.0,508.0,1893.0,1152.0,508.0
Madhya Pradesh,Sagar,2025-10-01,1888,2025,10,3687.0,2115.0,744.0,1820.0,2115.0
Madhya Pradesh,Sagar,2025-11-01,3493,2025,11,1888.0,-1799.0,-3914.0,2382.3333333333335,-1799.0
Madhya Pradesh,Sagar,2025-12-01,2518,2025,12,3493.0,1605.0,3404.0,3022.6666666666665,1605.0
Uttar Pradesh,Saharanpur,2025-09-01,3865,2025,9,2920.0,1392.0,1925.0,2169.6666666666665,1392.0
Uttar Pradesh,Saharanpur,2025-10-01,2337,2025,10,3865.0,945.0,-447.0,2771.0,945.0
Uttar Pradesh,Saharanpur,2025-11-01,3365,2025,11,2337.0,-1528.0,-2473.0,3040.6666666666665,-1528.0
Uttar Pradesh,Saharanpur,2025-12-01,2272,2025,12,3365.0,1028.0,2556.0,3189.0,1028.0
Bihar,Saharsa,2025-10-01,2152,2025,10,3524.0,2286.0,1874.0,1862.6666666666667,2286.0
Bihar,Saharsa,2025-11-01,2211,2025,11,2152.0,-1372.0,-3658.0,2304.6666666666665,-1372.0
Bihar,Saharsa,2025-12-01,1997,2025,12,2211.0,59.0,1431.0,2629.0,59.0
Mizoram,Saiha,2025-11-01,51,2025,11,70.0,-76.0,-69.0,123.0,-76.0
Mizoram,Saiha,2025-12-01,36,2025,12,51.0,-19.0,57.0,89.0,-19.0
Tamil Nadu,Salem,2025-12-01,1828,2025,12,2412.0,544.0,2007.0,2537.0,544.0
Bihar,Samastipur,2025-12-01,4047,2025,12,4353.0,717.0,2610.0,4506.0,717.0
Uttar Pradesh,Sambhal,2025-12-01,1654,2025,12,2027.0,784.0,2630.0,2119.6666666666665,784.0
Maharashtra,Sangli,2025-10-01,930,2025,10,2113.0,519.0,-719.0,1354.3333333333333,519.0
Maharashtra,Sangli,2025-11-01,1299,2025,11,930.0,-1183.0,-1702.0,1545.6666666666667,-1183.0
Maharashtra,Sangli,2025-12-01,898,2025,12,1299.0,369.0,1552.0,1447.3333333333333,369.0
Punjab,Sangrur,2025-12-01,322,2025,12,517.0,171.0,749.0,595.6666666666666,171.0
Bihar,Saran,2025-10-01,4734,2025,10,6369.0,3838.0,2418.0,3337.0,3838.0
Bihar,Saran,2025-11-01,4521,2025,11,4734.0,-1635.0,-5473.0,4544.666666666667,-1635.0
Bihar,Saran,2025-12-01,4065,2025,12,4521.0,-213.0,1422.0,5208.0,-213.0
Maharashtra,Satara,2025-09-01,1321,2025,9,459.0,258.0,249.0,284.0,258.0
Maharashtra,Satara,2025-10-01,883,2025,10,1321.0,862.0,604.0,660.3333333333334,862.0
Maharashtra,Satara,2025-11-01,1290,2025,11,883.0,-438.0,-1300.0,887.6666666666666,-438.0
Maharashtra,Satara,2025-12-01,1283,2025,12,1290.0,407.0,845.0,1164.6666666666667,407.0
Madhya Pradesh,Satna,2025-11-01,2876,2025,11,2378.0,-2324.0,-6397.0,2569.6666666666665,-2324.0
Madhya Pradesh,Satna,2025-12-01,2082,2025,12,2876.0,498.0,2822.0,3318.6666666666665,498.0
Rajasthan,Sawai Madhopur,2025-12-01,885,2025,12,1514.0,591.0,2079.0,1616.0,591.0
Madhya Pradesh,Sehore,2025-12-01,1697,2025,12,1118.0,500.0,1191.0,1015.0,500.0
Tripura,Sepahijala,2025-12-01,338,2025,12,387.0,125.0,250.0,345.3333333333333,125.0
Delhi,Shahdara,2025-10-01,63,2025,10,184.0,-615.0,-1281.0,372.0,-615.0
Delhi,Shahdara,2025-11-01,122,2025,11,63.0,-121.0,494.0,348.6666666666667,-121.0
Delhi,Shahdara,2025-12-01,77,2025,12,122.0,59.0,180.0,123.0,59.0
Uttar Pradesh,Shahjahanpur,2025-09-01,3907,2025,9,7925.0,6216.0,6819.0,3982.0,6216.0
Uttar Pradesh,Shahjahanpur,2025-10-01,1802,2025,10,3907.0,-4018.0,-10234.0,4513.666666666667,-4018.0
Uttar Pradesh,Shahjahanpur,2025-11-01,2639,2025,11,1802.0,-2105.0,1913.0,4544.666666666667,-2105.0
Uttar Pradesh,Shahjahanpur,2025-12-01,1443,2025,12,2639.0,837.0,2942.0,2782.6666666666665,837.0
Uttar Pradesh,Shamli,2025-12-01,1404,2025,12,2373.0,895.0,1663.0,2032.3333333333333,895.0
Madhya Pradesh,Sheopur,2025-10-01,413,2025,10,1444.0,-309.0,-1253.0,1335.3333333333333,-309.0
Madhya Pradesh,Sheopur,2025-11-01,983,2025,11,413.0,-1031.0,-722.0,1203.3333333333333,-1031.0
Madhya Pradesh,Sheopur,2025-12-01,1345,2025,12,983.0,570.0,1601.0,946.6666666666666,570.0
Madhya Pradesh,Shivpuri,2025-10-01,1183,2025,10,4117.0,2753.0,2172.0,2088.0,2753.0
Madhya Pradesh,Shivpuri,2025-11-01,2091,2025,11,1183.0,-2934.0,-5687.0,2221.3333333333335,-2934.0
Madhya Pradesh,Shivpuri,2025-12-01,2020,2025,12,2091.0,908.0,3842.0,2463.6666666666665,908.0
Uttar Pradesh,Shrawasti,2025-09-01,1626,2025,9,1596.0,657.0,470.0,1095.6666666666667,657.0
Uttar Pradesh,Shrawasti,2025-10-01,630,2025,10,1626.0,30.0,-627.0,1387.0,30.0
Uttar Pradesh,Shrawasti,2025-11-01,855,2025,11,630.0,-996.0,-1026.0,1284.0,-996.0
Uttar Pradesh,Shrawasti,2025-12-01,650,2025,12,855.0,225.0,1221.0,1037.0,225.0
Assam,Sibsagar,2025-11-01,616,2025,11,578.0,44.0,-265.0,445.6666666666667,44.0
Assam,Sibsagar,2025-12-01,142,2025,12,616.0,38.0,-6.0,576.0,38.0
Uttar Pradesh,Siddharthnagar,2025-09-01,3726,2025,9,3948.0,3555.0,4885.0,2021.3333333333333,3555.0
Uttar Pradesh,Siddharthnagar,2025-10-01,1844,2025,10,3726.0,-222.0,-3777.0,2689.0,-222.0
Uttar Pradesh,Siddharthnagar,2025-11-01,2756,2025,11,1844.0,-1882.0,-1660.0,3172.6666666666665,-1882.0
Uttar Pradesh,Siddharthnagar,2025-12-01,1857,2025,12,2756.0,912.0,2794.0,2775.3333333333335,912.0
Rajasthan,Sikar,2025-10-01,1504,2025,10,4814.0,4164.0,3849.0,1933.0,4164.0
Rajasthan,Sikar,2025-11-01,2257,2025,11,1504.0,-3310.0,-7474.0,2322.6666666666665,-3310.0
Rajasthan,Sikar,2025-12-01,1442,2025,12,2257.0,753.0,4063.0,2858.3333333333335,753.0
Rajasthan,Sirohi,2025-09-01,2562,2025,9,2717.0,2184.0,2208.0,1269.0,2184.0
Rajasthan,Sirohi,2025-10-01,903,2025,10,2562.0,-155.0,-2339.0,1937.3333333333333,-155.0
Rajasthan,Sirohi,2025-11-01,1527,2025,11,903.0,-1659.0,-1504.0,2060.6666666666665,-1659.0
Rajasthan,Sirohi,2025-12-01,1000,2025,12,1527.0,624.0,2283.0,1664.0,624.0
Bihar,Sitamarhi,2025-07-01,9117,2025,7,6476.0,780.0,-352.0,5578.666666666667,780.0
Bihar,Sitamarhi,2025-09-01,4601,2025,9,9117.0,2641.0,1861.0,7096.333333333333,2641.0
Bihar,Sitamarhi,2025-10-01,3038,2025,10,4601.0,-4516.0,-7157.0,6731.333333333333,-4516.0
Bihar,Sitamarhi,2025-11-01,3629,2025,11,3038.0,-1563.0,2953.0,5585.333333333333,-1563.0
Bihar,Sitamarhi,2025-12-01,3196,2025,12,3629.0,591.0,2154.0,3756.0,591.0
Uttar Pradesh,Sitapur,2025-09-01,6552,2025,9,8116.0,5897.0,5051.0,3902.6666666666665,5897.0
Uttar Pradesh,Sitapur,2025-10-01,2466,2025,10,6552.0,-1564.0,-7461.0,5629.0,-1564.0
Uttar Pradesh,Sitapur,2025-11-01,3775,2025,11,2466.0,-4086.0,-2522.0,5711.333333333333,-4086.0
Uttar Pradesh,Sitapur,2025-12-01,2906,2025,12,3775.0,1309.0,5395.0,4264.333333333333,1309.0
Tamil Nadu,Sivaganga,2025-12-01,695,2025,12,1313.0,529.0,1227.0,1193.0,529.0
Bihar,Siwan,2025-10-01,3108,2025,10,4297.0,3679.0,3565.0,1806.3333333333333,3679.0
Bihar,Siwan,2025-11-01,3406,2025,11,3108.0,-1189.0,-4868.0,2674.3333333333335,-1189.0
Bihar,Siwan,2025-12-01,2276,2025,12,3406.0,298.0,1487.0,3603.6666666666665,298.0
Maharashtra,Solapur,2025-10-01,1804,2025,10,3389.0,2828.0,2888.0,1523.6666666666667,2828.0
Odisha,Solapur,2025-10-01,271,2025,10,1804.0,-1585.0,-4413.0,1918.0,-1585.0
Maharashtra,Solapur,2025-11-01,2703,2025,11,271.0,-1533.0,52.0,1821.3333333333333,-1533.0
Odisha,Solapur,2025-11-01,269,2025,11,2703.0,2432.0,3965.0,1592.6666666666667,2432.0
Maharashtra,Solapur,2025-12-01,2289,2025,12,269.0,-2434.0,-4866.0,1081.0,-2434.0
Odisha,Solapur,2025-12-01,181,2025,12,2289.0,2020.0,4454.0,1753.6666666666667,2020.0
Haryana,Sonipat,2025-12-01,722,2025,12,1265.0,427.0,859.0,1124.3333333333333,427.0
Assam,Sonitpur,2025-07-01,1030,2025,7,284.0,31.0,150.0,303.0,31.0
Assam,Sonitpur,2025-09-01,2258,2025,9,1030.0,746.0,715.0,522.3333333333334,746.0
Assam,Sonitpur,2025-10-01,1417,2025,10,2258.0,1228.0,482.0,1190.6666666666667,1228.0
Assam,Sonitpur,2025-11-01,1769,2025,11,1417.0,-841.0,-2069.0,1568.3333333333333,-841.0
Assam,Sonitpur,2025-12-01,1460,2025,12,1769.0,352.0,1193.0,1814.6666666666667,352.0
Delhi,South Delhi,2025-09-01,3279,2025,9,1254.0,343.0,-235.0,832.6666666666666,343.0
Delhi,South Delhi,2025-10-01,1969,2025,10,3279.0,2025.0,1682.0,1814.6666666666667,2025.0
Delhi,South Delhi,2025-11-01,2916,2025,11,1969.0,-1310.0,-3335.0,2167.3333333333335,-1310.0
Delhi,South Delhi,2025-12-01,1987,2025,12,2916.0,947.0,2257.0,2721.3333333333335,947.0
Meghalaya,South Garo Hills,2025-09-01,1712,2025,9,1545.0,376.0,1015.0,1507.3333333333333,376.0
Meghalaya,South Garo Hills,2025-10-01,571,2025,10,1712.0,167.0,-209.0,1475.3333333333333,167.0
Meghalaya,South Garo Hills,2025-11-01,680,2025,11,571.0,-1141.0,-1308.0,1276.0,-1141.0
Meghalaya,South Garo Hills,2025-12-01,240,2025,12,680.0,109.0,1250.0,987.6666666666666,109.0
Assam,South Salmara Mankachar,2025-12-01,122,2025,12,278.0,29.0,260.0,335.6666666666667,29.0
Sikkim,South Sikkim,2025-11-01,44,2025,11,28.0,-42.0,148.0,119.33333333333333,-42.0
Sikkim,South Sikkim,2025-12-01,8,2025,12,44.0,16.0,58.0,47.333333333333336,16.0
Tripura,South Tripura,2025-12-01,690,2025,12,960.0,422.0,1004.0,872.6666666666666,422.0
Delhi,South West Delhi,2025-09-01,2341,2025,9,704.0,383.0,746.0,569.6666666666666,383.0
Delhi,South West Delhi,2025-10-01,1212,2025,10,2341.0,1637.0,1254.0,1122.0,1637.0
Delhi,South West Delhi,2025-11-01,1622,2025,11,1212.0,-1129.0,-2766.0,1419.0,-1129.0
Delhi,South West Delhi,2025-12-01,1316,2025,12,1622.0,410.0,1539.0,1725.0,410.0
Meghalaya,South West Khasi Hills,2025-09-01,250,2025,9,746.0,362.0,505.0,552.3333333333334,362.0
Meghalaya,South West Khasi Hills,2025-10-01,164,2025,10,250.0,-496.0,-858.0,460.0,-496.0
Meghalaya,South West Khasi Hills,2025-11-01,330,2025,11,164.0,-86.0,410.0,386.6666666666667,-86.0
Meghalaya,South West Khasi Hills,2025-12-01,48,2025,12,330.0,166.0,252.0,248.0,166.0
Chhattisgarh,Sukma,2025-10-01,199,2025,10,307.0,-56.0,-167.0,307.3333333333333,-56.0
Chhattisgarh,Sukma,2025-11-01,247,2025,11,199.0,-108.0,-52.0,289.6666666666667,-108.0
Chhattisgarh,Sukma,2025-12-01,403,2025,12,247.0,48.0,156.0,251.0,48.0
Uttar Pradesh,Sultanpur,2025-09-01,3545,2025,9,1164.0,801.0,862.0,650.3333333333334,801.0
Uttar Pradesh,Sultanpur,2025-10-01,1970,2025,10,3545.0,2381.0,1580.0,1690.6666666666667,2381.0
Uttar Pradesh,Sultanpur,2025-11-01,2043,2025,11,1970.0,-1575.0,-3956.0,2226.3333333333335,-1575.0
Uttar Pradesh,Sultanpur,2025-12-01,1209,2025,12,2043.0,73.0,1648.0,2519.3333333333335,73.0
Gujarat,Surat,2025-10-01,1775,2025,10,5279.0,923.0,-1447.0,3873.6666666666665,923.0
Gujarat,Surat,2025-11-01,4783,2025,11,1775.0,-3504.0,-4427.0,3803.3333333333335,-3504.0
Gujarat,Surat,2025-12-01,2580,2025,12,4783.0,3008.0,6512.0,3945.6666666666665,3008.0
Gujarat,Surendra Nagar,2025-11-01,1380,2025,11,766.0,-1743.0,-2499.0,1676.0,-1743.0
Gujarat,Surendra Nagar,2025-12-01,1044,2025,12,1380.0,614.0,2357.0,1551.6666666666667,614.0
Gujarat,Tapi,2025-12-01,255,2025,12,540.0,292.0,1085.0,609.6666666666666,292.0
Punjab,Tarn Taran,2025-12-01,312,2025,12,717.0,200.0,656.0,735.6666666666666,200.0
Maharashtra,Thane,2025-07-01,7343,2025,7,4421.0,2089.0,3191.0,3395.6666666666665,2089.0
Maharashtra,Thane,2025-09-01,8780,2025,9,7343.0,2922.0,833.0,4698.666666666667,2922.0
Maharashtra,Thane,2025-10-01,4740,2025,10,8780.0,1437.0,-1485.0,6848.0,1437.0
Maharashtra,Thane,2025-11-01,7513,2025,11,4740.0,-4040.0,-5477.0,6954.333333333333,-4040.0
Maharashtra,Thane,2025-12-01,4532,2025,12,7513.0,2773.0,6813.0,7011.0,2773.0
Tamil Nadu,Thanjavur,2025-12-01,1373,2025,12,1867.0,614.0,2033.0,1930.6666666666667,614.0
Gujarat,The Dangs,2025-11-01,228,2025,11,163.0,-274.0,-450.0,287.0,-274.0
Gujarat,The Dangs,2025-12-01,113,2025,12,228.0,65.0,339.0,276.0,65.0
Kerala,Thiruvananthapuram,2025-11-01,2027,2025,11,1508.0,-149.0,-1626.0,1115.0,-149.0
Kerala,Thiruvananthapuram,2025-12-01,1107,2025,12,2027.0,519.0,668.0,1730.6666666666667,519.0
Tamil Nadu,Thiruvarur,2025-12-01,831,2025,12,1280.0,584.0,1427.0,1171.6666666666667,584.0
Kerala,Thrissur,2025-12-01,1040,2025,12,2394.0,679.0,705.0,1950.0,679.0
Assam,Tinsukia,2025-09-01,1144,2025,9,2507.0,1907.0,2298.0,1366.0,1907.0
Assam,Tinsukia,2025-10-01,577,2025,10,1144.0,-1363.0,-3270.0,1417.0,-1363.0
Assam,Tinsukia,2025-11-01,954,2025,11,577.0,-567.0,796.0,1409.3333333333333,-567.0
Assam,Tinsukia,2025-12-01,1066,2025,12,954.0,377.0,944.0,891.6666666666666,377.0
Rajasthan,Tonk,2025-12-01,651,2025,12,1338.0,662.0,2078.0,1368.6666666666667,662.0
Nagaland,Tuensang,2025-11-01,128,2025,11,159.0,-60.0,232.0,296.3333333333333,-60.0
Nagaland,Tuensang,2025-12-01,26,2025,12,128.0,-31.0,29.0,168.66666666666666,-31.0
Rajasthan,Udaipur,2025-11-01,3629,2025,11,2141.0,-3343.0,-7972.0,2826.6666666666665,-3343.0
Rajasthan,Udaipur,2025-12-01,2182,2025,12,3629.0,1488.0,4831.0,3751.3333333333335,1488.0
Assam,Udalguri,2025-10-01,652,2025,10,880.0,333.0,916.0,852.3333333333334,333.0
Assam,Udalguri,2025-11-01,685,2025,11,652.0,-228.0,-561.0,693.0,-228.0
Assam,Udalguri,2025-12-01,456,2025,12,685.0,33.0,261.0,739.0,33.0
Tripura,Unakoti,2025-12-01,118,2025,12,158.0,32.0,82.0,153.33333333333334,32.0
Uttar Pradesh,Unnao,2025-07-01,3344,2025,7,1446.0,-182.0,-296.0,1529.3333333333333,-182.0
Uttar Pradesh,Unnao,2025-09-01,3726,2025,9,3344.0,1898.0,2080.0,2139.3333333333335,1898.0
Uttar Pradesh,Unnao,2025-10-01,1857,2025,10,3726.0,382.0,-1516.0,2838.6666666666665,382.0
Uttar Pradesh,Unnao,2025-11-01,3462,2025,11,1857.0,-1869.0,-2251.0,2975.6666666666665,-1869.0
Uttar Pradesh,Unnao,2025-12-01,1780,2025,12,3462.0,1605.0,3474.0,3015.0,1605.0
West Bengal,Uttar Dinajpur,2025-11-01,4434,2025,11,5989.0,-2094.0,-6500.0,5916.333333333333,-2094.0
West Bengal,Uttar Dinajpur,2025-12-01,2549,2025,12,4434.0,-1555.0,539.0,6168.666666666667,-1555.0
Gujarat,Vadodara,2025-07-01,784,2025,7,510.0,264.0,1202.0,646.6666666666666,264.0
Gujarat,Vadodara,2025-09-01,3036,2025,9,784.0,274.0,10.0,513.3333333333334,274.0
Gujarat,Vadodara,2025-10-01,1360,2025,10,3036.0,2252.0,1978.0,1443.3333333333333,2252.0
Gujarat,Vadodara,2025-11-01,2998,2025,11,1360.0,-1676.0,-3928.0,1726.6666666666667,-1676.0
Gujarat,Vadodara,2025-12-01,1766,2025,12,2998.0,1638.0,3314.0,2464.6666666666665,1638.0
Bihar,Vaishali,2025-12-01,3157,2025,12,3837.0,-136.0,1875.0,4598.0,-136.0
Gujarat,Valsad,2025-10-01,575,2025,10,1841.0,969.0,495.0,1037.0,969.0
Gujarat,Valsad,2025-11-01,1511,2025,11,575.0,-1266.0,-2235.0,1096.0,-1266.0
Gujarat,Valsad,2025-12-01,1150,2025,12,1511.0,936.0,2202.0,1309.0,936.0
Uttar Pradesh,Varanasi,2025-09-01,5182,2025,9,6653.0,5739.0,6271.0,3004.3333333333335,5739.0
Uttar Pradesh,Varanasi,2025-10-01,2523,2025,10,5182.0,-1471.0,-7210.0,4249.666666666667,-1471.0
Uttar Pradesh,Varanasi,2025-11-01,3127,2025,11,2523.0,-2659.0,-1188.0,4786.0,-2659.0
Uttar Pradesh,Varanasi,2025-12-01,1953,2025,12,3127.0,604.0,3263.0,3610.6666666666665,604.0
Andhra Pradesh,Vellore,2025-11-01,1493,2025,11,1742.0,745.0,2810.0,1933.6666666666667,745.0
Tamil Nadu,Vellore,2025-11-01,2587,2025,11,1493.0,-249.0,-994.0,1410.6666666666667,-249.0
Andhra Pradesh,Vellore,2025-12-01,1003,2025,12,2587.0,1094.0,1343.0,1940.6666666666667,1094.0
Tamil Nadu,Vellore,2025-12-01,1568,2025,12,1003.0,-1584.0,-2678.0,1694.3333333333333,-1584.0
Madhya Pradesh,Vidisha,2025-10-01,904,2025,10,3021.0,1110.0,-534.0,1733.0,1110.0
Madhya Pradesh,Vidisha,2025-11-01,1580,2025,11,904.0,-2117.0,-3227.0,1945.3333333333333,-2117.0
Madhya Pradesh,Vidisha,2025-12-01,1688,2025,12,1580.0,676.0,2793.0,1835.0,676.0
Karnataka,Vijayapura,2025-12-01,898,2025,12,1099.0,209.0,1497.0,1389.0,209.0
Andhra Pradesh,Visakhapatnam,2025-12-01,1748,2025,12,2116.0,621.0,1677.0,2054.0,621.0
Telangana,Warangal,2025-11-01,697,2025,11,241.0,-470.0,-926.0,402.3333333333333,-470.0
Andhra Pradesh,Warangal,2025-12-01,119,2025,12,697.0,456.0,926.0,549.6666666666666,456.0
Telangana,Warangal,2025-12-01,340,2025,12,119.0,-578.0,-1034.0,352.3333333333333,-578.0
Maharashtra,Wardha,2025-11-01,335,2025,11,533.0,228.0,370.0,428.3333333333333,228.0
Chhattisgarh,Wardha,2025-12-01,389,2025,12,335.0,-198.0,-426.0,391.0,-198.0
Maharashtra,Wardha,2025-12-01,527,2025,12,389.0,54.0,252.0,419.0,54.0
Maharashtra,Washim,2025-11-01,542,2025,11,495.0,-331.0,-700.0,592.6666666666666,-331.0
Maharashtra,Washim,2025-12-01,795,2025,12,542.0,47.0,378.0,621.0,47.0
Delhi,West Delhi,2025-07-01,7230,2025,7,3399.0,-55.0,-725.0,3212.3333333333335,-55.0
Delhi,West Delhi,2025-09-01,4703,2025,9,7230.0,3831.0,3886.0,4694.333333333333,3831.0
Delhi,West Delhi,2025-10-01,2317,2025,10,4703.0,-2527.0,-6358.0,5110.666666666667,-2527.0
Delhi,West Delhi,2025-11-01,3445,2025,11,2317.0,-2386.0,141.0,4750.0,-2386.0
Delhi,West Delhi,2025-12-01,2298,2025,12,3445.0,1128.0,3514.0,3488.3333333333335,1128.0
Meghalaya,West Garo Hills,2025-09-01,1919,2025,9,5363.0,2116.0,2149.0,3963.3333333333335,2116.0
Meghalaya,West Garo Hills,2025-10-01,1017,2025,10,1919.0,-3444.0,-5560.0,3509.6666666666665,-3444.0
Meghalaya,West Garo Hills,2025-11-01,1182,2025,11,1017.0,-902.0,2542.0,2766.3333333333335,-902.0
Meghalaya,West Garo Hills,2025-12-01,221,2025,12,1182.0,165.0,1067.0,1372.6666666666667,165.0
Meghalaya,West Jaintia Hills,2025-07-01,3483,2025,7,2661.0,-169.0,1400.0,3296.6666666666665,-169.0
Meghalaya,West Jaintia Hills,2025-09-01,1401,2025,9,3483.0,822.0,991.0,2991.3333333333335,822.0
Meghalaya,West Jaintia Hills,2025-10-01,576,2025,10,1401.0,-2082.0,-2904.0,2515.0,-2082.0
Meghalaya,West Jaintia Hills,2025-11-01,736,2025,11,576.0,-825.0,1257.0,1820.0,-825.0
Meghalaya,West Jaintia Hills,2025-12-01,264,2025,12,736.0,160.0,985.0,904.3333333333334,160.0
Arunachal Pradesh,West Kameng,2025-12-01,40,2025,12,86.0,1.0,74.0,109.66666666666667,1.0
Assam,West Karbi Anglong,2025-09-01,179,2025,9,382.0,87.0,58.0,314.3333333333333,87.0
Assam,West Karbi Anglong,2025-10-01,86,2025,10,179.0,-203.0,-290.0,285.3333333333333,-203.0
Assam,West Karbi Anglong,2025-11-01,131,2025,11,86.0,-93.0,110.0,215.66666666666666,-93.0
Assam,West Karbi Anglong,2025-12-01,50,2025,12,131.0,45.0,138.0,132.0,45.0
Tripura,West Tripura,2025-12-01,483,2025,12,816.0,305.0,485.0,672.6666666666666,305.0
Nagaland,Wokha,2025-12-01,19,2025,12,35.0,-21.0,119.0,95.66666666666667,-21.0
Karnataka,Yadgir,2025-12-01,1199,2025,12,1555.0,247.0,1054.0,1659.3333333333333,247.0
Maharashtra,Yavatmal,2025-11-01,1080,2025,11,1153.0,-1052.0,-1955.0,1553.3333333333333,-1052.0
Maharashtra,Yavatmal,2025-12-01,1347,2025,12,1080.0,-73.0,979.0,1479.3333333333333,-73.0
Nagaland,Zunheboto,2025-12-01,14,2025,12,106.0,-49.0,-78.0,129.0,-49.0
